"id";"name";"country";"logo";"short_code";"detail_url"
1;"Afghanistan";"Afghanistan";"https://api.fifa.com/api/v1/picture/flags-sq-4/afg";"AFG";"https://www.fifa.com/associations/association/AFG"
2;"Albania";"Albania";"https://api.fifa.com/api/v1/picture/flags-sq-4/alb";"ALB";"https://www.fifa.com/associations/association/ALB"
3;"Algeria";"Algeria";"https://api.fifa.com/api/v1/picture/flags-sq-4/alg";"ALG";"https://www.fifa.com/associations/association/ALG"
4;"American Samoa";"American Samoa";"https://api.fifa.com/api/v1/picture/flags-sq-4/asa";"ASA";"https://www.fifa.com/associations/association/ASA"
5;"Andorra";"Andorra";"https://api.fifa.com/api/v1/picture/flags-sq-4/and";"AND";"https://www.fifa.com/associations/association/AND"
6;"Angola";"Angola";"https://api.fifa.com/api/v1/picture/flags-sq-4/ang";"ANG";"https://www.fifa.com/associations/association/ANG"
7;"Anguilla";"Anguilla";"https://api.fifa.com/api/v1/picture/flags-sq-4/aia";"AIA";"https://www.fifa.com/associations/association/AIA"
8;"Antigua and Barbuda";"Antigua and Barbuda";"https://api.fifa.com/api/v1/picture/flags-sq-4/atg";"ATG";"https://www.fifa.com/associations/association/ATG"
9;"Argentina";"Argentina";"https://api.fifa.com/api/v1/picture/flags-sq-4/arg";"ARG";"https://www.fifa.com/associations/association/ARG"
10;"Armenia";"Armenia";"https://api.fifa.com/api/v1/picture/flags-sq-4/arm";"ARM";"https://www.fifa.com/associations/association/ARM"
11;"Aruba";"Aruba";"https://api.fifa.com/api/v1/picture/flags-sq-4/aru";"ARU";"https://www.fifa.com/associations/association/ARU"
12;"Australia";"Australia";"https://api.fifa.com/api/v1/picture/flags-sq-4/aus";"AUS";"https://www.fifa.com/associations/association/AUS"
13;"Austria";"Austria";"https://api.fifa.com/api/v1/picture/flags-sq-4/aut";"AUT";"https://www.fifa.com/associations/association/AUT"
14;"Azerbaijan";"Azerbaijan";"https://api.fifa.com/api/v1/picture/flags-sq-4/aze";"AZE";"https://www.fifa.com/associations/association/AZE"
15;"Bahamas";"Bahamas";"https://api.fifa.com/api/v1/picture/flags-sq-4/bah";"BAH";"https://www.fifa.com/associations/association/BAH"
16;"Bahrain";"Bahrain";"https://api.fifa.com/api/v1/picture/flags-sq-4/bhr";"BHR";"https://www.fifa.com/associations/association/BHR"
17;"Bangladesh";"Bangladesh";"https://api.fifa.com/api/v1/picture/flags-sq-4/ban";"BAN";"https://www.fifa.com/associations/association/BAN"
18;"Barbados";"Barbados";"https://api.fifa.com/api/v1/picture/flags-sq-4/brb";"BRB";"https://www.fifa.com/associations/association/BRB"
19;"Belarus";"Belarus";"https://api.fifa.com/api/v1/picture/flags-sq-4/blr";"BLR";"https://www.fifa.com/associations/association/BLR"
20;"Belgium";"Belgium";"https://api.fifa.com/api/v1/picture/flags-sq-4/bel";"BEL";"https://www.fifa.com/associations/association/BEL"
21;"Belize";"Belize";"https://api.fifa.com/api/v1/picture/flags-sq-4/blz";"BLZ";"https://www.fifa.com/associations/association/BLZ"
22;"Benin";"Benin";"https://api.fifa.com/api/v1/picture/flags-sq-4/ben";"BEN";"https://www.fifa.com/associations/association/BEN"
23;"Bermuda";"Bermuda";"https://api.fifa.com/api/v1/picture/flags-sq-4/ber";"BER";"https://www.fifa.com/associations/association/BER"
24;"Bhutan";"Bhutan";"https://api.fifa.com/api/v1/picture/flags-sq-4/bhu";"BHU";"https://www.fifa.com/associations/association/BHU"
25;"Bolivia";"Bolivia";"https://api.fifa.com/api/v1/picture/flags-sq-4/bol";"BOL";"https://www.fifa.com/associations/association/BOL"
26;"Bosnia and Herzegovina";"Bosnia and Herzegovina";"https://api.fifa.com/api/v1/picture/flags-sq-4/bih";"BIH";"https://www.fifa.com/associations/association/BIH"
27;"Botswana";"Botswana";"https://api.fifa.com/api/v1/picture/flags-sq-4/bot";"BOT";"https://www.fifa.com/associations/association/BOT"
28;"Brazil";"Brazil";"https://api.fifa.com/api/v1/picture/flags-sq-4/bra";"BRA";"https://www.fifa.com/associations/association/BRA"
29;"British Virgin Islands";"British Virgin Islands";"https://api.fifa.com/api/v1/picture/flags-sq-4/vgb";"VGB";"https://www.fifa.com/associations/association/VGB"
30;"Brunei Darussalam";"Brunei Darussalam";"https://api.fifa.com/api/v1/picture/flags-sq-4/bru";"BRU";"https://www.fifa.com/associations/association/BRU"
31;"Bulgaria";"Bulgaria";"https://api.fifa.com/api/v1/picture/flags-sq-4/bul";"BUL";"https://www.fifa.com/associations/association/BUL"
32;"Burkina Faso";"Burkina Faso";"https://api.fifa.com/api/v1/picture/flags-sq-4/bfa";"BFA";"https://www.fifa.com/associations/association/BFA"
33;"Burundi";"Burundi";"https://api.fifa.com/api/v1/picture/flags-sq-4/bdi";"BDI";"https://www.fifa.com/associations/association/BDI"
34;"Cabo Verde";"Cabo Verde";"https://api.fifa.com/api/v1/picture/flags-sq-4/cpv";"CPV";"https://www.fifa.com/associations/association/CPV"
35;"Cambodia";"Cambodia";"https://api.fifa.com/api/v1/picture/flags-sq-4/cam";"CAM";"https://www.fifa.com/associations/association/CAM"
36;"Cameroon";"Cameroon";"https://api.fifa.com/api/v1/picture/flags-sq-4/cmr";"CMR";"https://www.fifa.com/associations/association/CMR"
37;"Canada";"Canada";"https://api.fifa.com/api/v1/picture/flags-sq-4/can";"CAN";"https://www.fifa.com/associations/association/CAN"
38;"Cayman Islands";"Cayman Islands";"https://api.fifa.com/api/v1/picture/flags-sq-4/cay";"CAY";"https://www.fifa.com/associations/association/CAY"
39;"Central African Republic";"Central African Republic";"https://api.fifa.com/api/v1/picture/flags-sq-4/cta";"CTA";"https://www.fifa.com/associations/association/CTA"
40;"Chad";"Chad";"https://api.fifa.com/api/v1/picture/flags-sq-4/cha";"CHA";"https://www.fifa.com/associations/association/CHA"
41;"Chile";"Chile";"https://api.fifa.com/api/v1/picture/flags-sq-4/chi";"CHI";"https://www.fifa.com/associations/association/CHI"
42;"China PR";"China PR";"https://api.fifa.com/api/v1/picture/flags-sq-4/chn";"CHN";"https://www.fifa.com/associations/association/CHN"
43;"Chinese Taipei";"Chinese Taipei";"https://api.fifa.com/api/v1/picture/flags-sq-4/tpe";"TPE";"https://www.fifa.com/associations/association/TPE"
44;"Colombia";"Colombia";"https://api.fifa.com/api/v1/picture/flags-sq-4/col";"COL";"https://www.fifa.com/associations/association/COL"
45;"Comoros";"Comoros";"https://api.fifa.com/api/v1/picture/flags-sq-4/com";"COM";"https://www.fifa.com/associations/association/COM"
46;"Congo";"Congo";"https://api.fifa.com/api/v1/picture/flags-sq-4/cgo";"CGO";"https://www.fifa.com/associations/association/CGO"
47;"Congo DR";"Congo DR";"https://api.fifa.com/api/v1/picture/flags-sq-4/cod";"COD";"https://www.fifa.com/associations/association/COD"
48;"Cook Islands";"Cook Islands";"https://api.fifa.com/api/v1/picture/flags-sq-4/cok";"COK";"https://www.fifa.com/associations/association/COK"
49;"Costa Rica";"Costa Rica";"https://api.fifa.com/api/v1/picture/flags-sq-4/crc";"CRC";"https://www.fifa.com/associations/association/CRC"
50;"Croatia";"Croatia";"https://api.fifa.com/api/v1/picture/flags-sq-4/cro";"CRO";"https://www.fifa.com/associations/association/CRO"
51;"Cuba";"Cuba";"https://api.fifa.com/api/v1/picture/flags-sq-4/cub";"CUB";"https://www.fifa.com/associations/association/CUB"
52;"CuraÃ§ao";"CuraÃ§ao";"https://api.fifa.com/api/v1/picture/flags-sq-4/cuw";"CUW";"https://www.fifa.com/associations/association/CUW"
53;"Cyprus";"Cyprus";"https://api.fifa.com/api/v1/picture/flags-sq-4/cyp";"CYP";"https://www.fifa.com/associations/association/CYP"
54;"Czech Republic";"Czech Republic";"https://api.fifa.com/api/v1/picture/flags-sq-4/cze";"CZE";"https://www.fifa.com/associations/association/CZE"
55;"Denmark";"Denmark";"https://api.fifa.com/api/v1/picture/flags-sq-4/den";"DEN";"https://www.fifa.com/associations/association/DEN"
56;"Djibouti";"Djibouti";"https://api.fifa.com/api/v1/picture/flags-sq-4/dji";"DJI";"https://www.fifa.com/associations/association/DJI"
57;"Dominica";"Dominica";"https://api.fifa.com/api/v1/picture/flags-sq-4/dma";"DMA";"https://www.fifa.com/associations/association/DMA"
58;"Dominican Republic";"Dominican Republic";"https://api.fifa.com/api/v1/picture/flags-sq-4/dom";"DOM";"https://www.fifa.com/associations/association/DOM"
59;"Ecuador";"Ecuador";"https://api.fifa.com/api/v1/picture/flags-sq-4/ecu";"ECU";"https://www.fifa.com/associations/association/ECU"
60;"Egypt";"Egypt";"https://api.fifa.com/api/v1/picture/flags-sq-4/egy";"EGY";"https://www.fifa.com/associations/association/EGY"
61;"El Salvador";"El Salvador";"https://api.fifa.com/api/v1/picture/flags-sq-4/slv";"SLV";"https://www.fifa.com/associations/association/SLV"
62;"England";"England";"https://api.fifa.com/api/v1/picture/flags-sq-4/eng";"ENG";"https://www.fifa.com/associations/association/ENG"
63;"Equatorial Guinea";"Equatorial Guinea";"https://api.fifa.com/api/v1/picture/flags-sq-4/eqg";"EQG";"https://www.fifa.com/associations/association/EQG"
64;"Eritrea";"Eritrea";"https://api.fifa.com/api/v1/picture/flags-sq-4/eri";"ERI";"https://www.fifa.com/associations/association/ERI"
65;"Estonia";"Estonia";"https://api.fifa.com/api/v1/picture/flags-sq-4/est";"EST";"https://www.fifa.com/associations/association/EST"
66;"Eswatini";"Eswatini";"https://api.fifa.com/api/v1/picture/flags-sq-4/swz";"SWZ";"https://www.fifa.com/associations/association/SWZ"
67;"Ethiopia";"Ethiopia";"https://api.fifa.com/api/v1/picture/flags-sq-4/eth";"ETH";"https://www.fifa.com/associations/association/ETH"
68;"Faroe Islands";"Faroe Islands";"https://api.fifa.com/api/v1/picture/flags-sq-4/fro";"FRO";"https://www.fifa.com/associations/association/FRO"
69;"Fiji";"Fiji";"https://api.fifa.com/api/v1/picture/flags-sq-4/fij";"FIJ";"https://www.fifa.com/associations/association/FIJ"
70;"Finland";"Finland";"https://api.fifa.com/api/v1/picture/flags-sq-4/fin";"FIN";"https://www.fifa.com/associations/association/FIN"
71;"France";"France";"https://api.fifa.com/api/v1/picture/flags-sq-4/fra";"FRA";"https://www.fifa.com/associations/association/FRA"
72;"Gabon";"Gabon";"https://api.fifa.com/api/v1/picture/flags-sq-4/gab";"GAB";"https://www.fifa.com/associations/association/GAB"
73;"Gambia";"Gambia";"https://api.fifa.com/api/v1/picture/flags-sq-4/gam";"GAM";"https://www.fifa.com/associations/association/GAM"
74;"Georgia";"Georgia";"https://api.fifa.com/api/v1/picture/flags-sq-4/geo";"GEO";"https://www.fifa.com/associations/association/GEO"
75;"Germany";"Germany";"https://api.fifa.com/api/v1/picture/flags-sq-4/ger";"GER";"https://www.fifa.com/associations/association/GER"
76;"Ghana";"Ghana";"https://api.fifa.com/api/v1/picture/flags-sq-4/gha";"GHA";"https://www.fifa.com/associations/association/GHA"
77;"Gibraltar";"Gibraltar";"https://api.fifa.com/api/v1/picture/flags-sq-4/gib";"GIB";"https://www.fifa.com/associations/association/GIB"
78;"Greece";"Greece";"https://api.fifa.com/api/v1/picture/flags-sq-4/gre";"GRE";"https://www.fifa.com/associations/association/GRE"
79;"Grenada";"Grenada";"https://api.fifa.com/api/v1/picture/flags-sq-4/grn";"GRN";"https://www.fifa.com/associations/association/GRN"
80;"Guam";"Guam";"https://api.fifa.com/api/v1/picture/flags-sq-4/gum";"GUM";"https://www.fifa.com/associations/association/GUM"
81;"Guatemala";"Guatemala";"https://api.fifa.com/api/v1/picture/flags-sq-4/gua";"GUA";"https://www.fifa.com/associations/association/GUA"
82;"Guinea";"Guinea";"https://api.fifa.com/api/v1/picture/flags-sq-4/gui";"GUI";"https://www.fifa.com/associations/association/GUI"
83;"Guinea-Bissau";"Guinea-Bissau";"https://api.fifa.com/api/v1/picture/flags-sq-4/gnb";"GNB";"https://www.fifa.com/associations/association/GNB"
84;"Guyana";"Guyana";"https://api.fifa.com/api/v1/picture/flags-sq-4/guy";"GUY";"https://www.fifa.com/associations/association/GUY"
85;"Haiti";"Haiti";"https://api.fifa.com/api/v1/picture/flags-sq-4/hai";"HAI";"https://www.fifa.com/associations/association/HAI"
86;"Honduras";"Honduras";"https://api.fifa.com/api/v1/picture/flags-sq-4/hon";"HON";"https://www.fifa.com/associations/association/HON"
87;"Hong Kong";"Hong Kong";"https://api.fifa.com/api/v1/picture/flags-sq-4/hkg";"HKG";"https://www.fifa.com/associations/association/HKG"
88;"Hungary";"Hungary";"https://api.fifa.com/api/v1/picture/flags-sq-4/hun";"HUN";"https://www.fifa.com/associations/association/HUN"
89;"Iceland";"Iceland";"https://api.fifa.com/api/v1/picture/flags-sq-4/isl";"ISL";"https://www.fifa.com/associations/association/ISL"
90;"India";"India";"https://api.fifa.com/api/v1/picture/flags-sq-4/ind";"IND";"https://www.fifa.com/associations/association/IND"
91;"Indonesia";"Indonesia";"https://api.fifa.com/api/v1/picture/flags-sq-4/idn";"IDN";"https://www.fifa.com/associations/association/IDN"
92;"IR Iran";"IR Iran";"https://api.fifa.com/api/v1/picture/flags-sq-4/irn";"IRN";"https://www.fifa.com/associations/association/IRN"
93;"Iraq";"Iraq";"https://api.fifa.com/api/v1/picture/flags-sq-4/irq";"IRQ";"https://www.fifa.com/associations/association/IRQ"
94;"Israel";"Israel";"https://api.fifa.com/api/v1/picture/flags-sq-4/isr";"ISR";"https://www.fifa.com/associations/association/ISR"
95;"Italy";"Italy";"https://api.fifa.com/api/v1/picture/flags-sq-4/ita";"ITA";"https://www.fifa.com/associations/association/ITA"
96;"Jamaica";"Jamaica";"https://api.fifa.com/api/v1/picture/flags-sq-4/jam";"JAM";"https://www.fifa.com/associations/association/JAM"
97;"Japan";"Japan";"https://api.fifa.com/api/v1/picture/flags-sq-4/jpn";"JPN";"https://www.fifa.com/associations/association/JPN"
98;"Jordan";"Jordan";"https://api.fifa.com/api/v1/picture/flags-sq-4/jor";"JOR";"https://www.fifa.com/associations/association/JOR"
99;"Kazakhstan";"Kazakhstan";"https://api.fifa.com/api/v1/picture/flags-sq-4/kaz";"KAZ";"https://www.fifa.com/associations/association/KAZ"
100;"Kenya";"Kenya";"https://api.fifa.com/api/v1/picture/flags-sq-4/ken";"KEN";"https://www.fifa.com/associations/association/KEN"
101;"Korea DPR";"Korea DPR";"https://api.fifa.com/api/v1/picture/flags-sq-4/prk";"PRK";"https://www.fifa.com/associations/association/PRK"
102;"Korea Republic";"Korea Republic";"https://api.fifa.com/api/v1/picture/flags-sq-4/kor";"KOR";"https://www.fifa.com/associations/association/KOR"
103;"Kosovo";"Kosovo";"https://api.fifa.com/api/v1/picture/flags-sq-4/kvx";"KVX";"https://www.fifa.com/associations/association/KVX"
104;"Kuwait";"Kuwait";"https://api.fifa.com/api/v1/picture/flags-sq-4/kuw";"KUW";"https://www.fifa.com/associations/association/KUW"
105;"Kyrgyz Republic";"Kyrgyz Republic";"https://api.fifa.com/api/v1/picture/flags-sq-4/kgz";"KGZ";"https://www.fifa.com/associations/association/KGZ"
106;"Laos";"Laos";"https://api.fifa.com/api/v1/picture/flags-sq-4/lao";"LAO";"https://www.fifa.com/associations/association/LAO"
107;"Latvia";"Latvia";"https://api.fifa.com/api/v1/picture/flags-sq-4/lva";"LVA";"https://www.fifa.com/associations/association/LVA"
108;"Lebanon";"Lebanon";"https://api.fifa.com/api/v1/picture/flags-sq-4/lbn";"LBN";"https://www.fifa.com/associations/association/LBN"
109;"Lesotho";"Lesotho";"https://api.fifa.com/api/v1/picture/flags-sq-4/les";"LES";"https://www.fifa.com/associations/association/LES"
110;"Liberia";"Liberia";"https://api.fifa.com/api/v1/picture/flags-sq-4/lbr";"LBR";"https://www.fifa.com/associations/association/LBR"
111;"Libya";"Libya";"https://api.fifa.com/api/v1/picture/flags-sq-4/lby";"LBY";"https://www.fifa.com/associations/association/LBY"
112;"Liechtenstein";"Liechtenstein";"https://api.fifa.com/api/v1/picture/flags-sq-4/lie";"LIE";"https://www.fifa.com/associations/association/LIE"
113;"Lithuania";"Lithuania";"https://api.fifa.com/api/v1/picture/flags-sq-4/ltu";"LTU";"https://www.fifa.com/associations/association/LTU"
114;"Luxembourg";"Luxembourg";"https://api.fifa.com/api/v1/picture/flags-sq-4/lux";"LUX";"https://www.fifa.com/associations/association/LUX"
115;"Macau";"Macau";"https://api.fifa.com/api/v1/picture/flags-sq-4/mac";"MAC";"https://www.fifa.com/associations/association/MAC"
116;"Madagascar";"Madagascar";"https://api.fifa.com/api/v1/picture/flags-sq-4/mad";"MAD";"https://www.fifa.com/associations/association/MAD"
117;"Malawi";"Malawi";"https://api.fifa.com/api/v1/picture/flags-sq-4/mwi";"MWI";"https://www.fifa.com/associations/association/MWI"
118;"Malaysia";"Malaysia";"https://api.fifa.com/api/v1/picture/flags-sq-4/mas";"MAS";"https://www.fifa.com/associations/association/MAS"
119;"Maldives";"Maldives";"https://api.fifa.com/api/v1/picture/flags-sq-4/mdv";"MDV";"https://www.fifa.com/associations/association/MDV"
120;"Mali";"Mali";"https://api.fifa.com/api/v1/picture/flags-sq-4/mli";"MLI";"https://www.fifa.com/associations/association/MLI"
121;"Malta";"Malta";"https://api.fifa.com/api/v1/picture/flags-sq-4/mlt";"MLT";"https://www.fifa.com/associations/association/MLT"
122;"Mauritania";"Mauritania";"https://api.fifa.com/api/v1/picture/flags-sq-4/mtn";"MTN";"https://www.fifa.com/associations/association/MTN"
123;"Mauritius";"Mauritius";"https://api.fifa.com/api/v1/picture/flags-sq-4/mri";"MRI";"https://www.fifa.com/associations/association/MRI"
124;"Mexico";"Mexico";"https://api.fifa.com/api/v1/picture/flags-sq-4/mex";"MEX";"https://www.fifa.com/associations/association/MEX"
125;"Moldova";"Moldova";"https://api.fifa.com/api/v1/picture/flags-sq-4/mda";"MDA";"https://www.fifa.com/associations/association/MDA"
126;"Mongolia";"Mongolia";"https://api.fifa.com/api/v1/picture/flags-sq-4/mng";"MNG";"https://www.fifa.com/associations/association/MNG"
127;"Montenegro";"Montenegro";"https://api.fifa.com/api/v1/picture/flags-sq-4/mne";"MNE";"https://www.fifa.com/associations/association/MNE"
128;"Montserrat";"Montserrat";"https://api.fifa.com/api/v1/picture/flags-sq-4/msr";"MSR";"https://www.fifa.com/associations/association/MSR"
129;"Morocco";"Morocco";"https://api.fifa.com/api/v1/picture/flags-sq-4/mar";"MAR";"https://www.fifa.com/associations/association/MAR"
130;"Mozambique";"Mozambique";"https://api.fifa.com/api/v1/picture/flags-sq-4/moz";"MOZ";"https://www.fifa.com/associations/association/MOZ"
131;"Myanmar";"Myanmar";"https://api.fifa.com/api/v1/picture/flags-sq-4/mya";"MYA";"https://www.fifa.com/associations/association/MYA"
132;"Namibia";"Namibia";"https://api.fifa.com/api/v1/picture/flags-sq-4/nam";"NAM";"https://www.fifa.com/associations/association/NAM"
133;"Nepal";"Nepal";"https://api.fifa.com/api/v1/picture/flags-sq-4/nep";"NEP";"https://www.fifa.com/associations/association/NEP"
134;"Netherlands";"Netherlands";"https://api.fifa.com/api/v1/picture/flags-sq-4/ned";"NED";"https://www.fifa.com/associations/association/NED"
135;"New Caledonia";"New Caledonia";"https://api.fifa.com/api/v1/picture/flags-sq-4/ncl";"NCL";"https://www.fifa.com/associations/association/NCL"
136;"New Zealand";"New Zealand";"https://api.fifa.com/api/v1/picture/flags-sq-4/nzl";"NZL";"https://www.fifa.com/associations/association/NZL"
137;"Nicaragua";"Nicaragua";"https://api.fifa.com/api/v1/picture/flags-sq-4/nca";"NCA";"https://www.fifa.com/associations/association/NCA"
138;"Niger";"Niger";"https://api.fifa.com/api/v1/picture/flags-sq-4/nig";"NIG";"https://www.fifa.com/associations/association/NIG"
139;"Nigeria";"Nigeria";"https://api.fifa.com/api/v1/picture/flags-sq-4/nga";"NGA";"https://www.fifa.com/associations/association/NGA"
140;"North Macedonia";"North Macedonia";"https://api.fifa.com/api/v1/picture/flags-sq-4/mkd";"MKD";"https://www.fifa.com/associations/association/MKD"
141;"Northern Ireland";"Northern Ireland";"https://api.fifa.com/api/v1/picture/flags-sq-4/nir";"NIR";"https://www.fifa.com/associations/association/NIR"
142;"Norway";"Norway";"https://api.fifa.com/api/v1/picture/flags-sq-4/nor";"NOR";"https://www.fifa.com/associations/association/NOR"
143;"Oman";"Oman";"https://api.fifa.com/api/v1/picture/flags-sq-4/oma";"OMA";"https://www.fifa.com/associations/association/OMA"
144;"Pakistan";"Pakistan";"https://api.fifa.com/api/v1/picture/flags-sq-4/pak";"PAK";"https://www.fifa.com/associations/association/PAK"
145;"Palestine";"Palestine";"https://api.fifa.com/api/v1/picture/flags-sq-4/ple";"PLE";"https://www.fifa.com/associations/association/PLE"
146;"Panama";"Panama";"https://api.fifa.com/api/v1/picture/flags-sq-4/pan";"PAN";"https://www.fifa.com/associations/association/PAN"
147;"Papua New Guinea";"Papua New Guinea";"https://api.fifa.com/api/v1/picture/flags-sq-4/png";"PNG";"https://www.fifa.com/associations/association/PNG"
148;"Paraguay";"Paraguay";"https://api.fifa.com/api/v1/picture/flags-sq-4/par";"PAR";"https://www.fifa.com/associations/association/PAR"
149;"Peru";"Peru";"https://api.fifa.com/api/v1/picture/flags-sq-4/per";"PER";"https://www.fifa.com/associations/association/PER"
150;"Philippines";"Philippines";"https://api.fifa.com/api/v1/picture/flags-sq-4/phi";"PHI";"https://www.fifa.com/associations/association/PHI"
151;"Poland";"Poland";"https://api.fifa.com/api/v1/picture/flags-sq-4/pol";"POL";"https://www.fifa.com/associations/association/POL"
152;"Portugal";"Portugal";"https://api.fifa.com/api/v1/picture/flags-sq-4/por";"POR";"https://www.fifa.com/associations/association/POR"
153;"Puerto Rico";"Puerto Rico";"https://api.fifa.com/api/v1/picture/flags-sq-4/pur";"PUR";"https://www.fifa.com/associations/association/PUR"
154;"Qatar";"Qatar";"https://api.fifa.com/api/v1/picture/flags-sq-4/qat";"QAT";"https://www.fifa.com/associations/association/QAT"
155;"Republic of Ireland";"Republic of Ireland";"https://api.fifa.com/api/v1/picture/flags-sq-4/irl";"IRL";"https://www.fifa.com/associations/association/IRL"
156;"Romania";"Romania";"https://api.fifa.com/api/v1/picture/flags-sq-4/rou";"ROU";"https://www.fifa.com/associations/association/ROU"
157;"Russia";"Russia";"https://api.fifa.com/api/v1/picture/flags-sq-4/rus";"RUS";"https://www.fifa.com/associations/association/RUS"
158;"Rwanda";"Rwanda";"https://api.fifa.com/api/v1/picture/flags-sq-4/rwa";"RWA";"https://www.fifa.com/associations/association/RWA"
159;"Samoa";"Samoa";"https://api.fifa.com/api/v1/picture/flags-sq-4/sam";"SAM";"https://www.fifa.com/associations/association/SAM"
160;"San Marino";"San Marino";"https://api.fifa.com/api/v1/picture/flags-sq-4/smr";"SMR";"https://www.fifa.com/associations/association/SMR"
161;"SÃ£o TomÃ© and PrÃ­ncipe";"SÃ£o TomÃ© and PrÃ­ncipe";"https://api.fifa.com/api/v1/picture/flags-sq-4/stp";"STP";"https://www.fifa.com/associations/association/STP"
162;"Saudi Arabia";"Saudi Arabia";"https://api.fifa.com/api/v1/picture/flags-sq-4/ksa";"KSA";"https://www.fifa.com/associations/association/KSA"
163;"Scotland";"Scotland";"https://api.fifa.com/api/v1/picture/flags-sq-4/sco";"SCO";"https://www.fifa.com/associations/association/SCO"
164;"Senegal";"Senegal";"https://api.fifa.com/api/v1/picture/flags-sq-4/sen";"SEN";"https://www.fifa.com/associations/association/SEN"
165;"Serbia";"Serbia";"https://api.fifa.com/api/v1/picture/flags-sq-4/srb";"SRB";"https://www.fifa.com/associations/association/SRB"
166;"Seychelles";"Seychelles";"https://api.fifa.com/api/v1/picture/flags-sq-4/sey";"SEY";"https://www.fifa.com/associations/association/SEY"
167;"Sierra Leone";"Sierra Leone";"https://api.fifa.com/api/v1/picture/flags-sq-4/sle";"SLE";"https://www.fifa.com/associations/association/SLE"
168;"Singapore";"Singapore";"https://api.fifa.com/api/v1/picture/flags-sq-4/sin";"SIN";"https://www.fifa.com/associations/association/SIN"
169;"Slovakia";"Slovakia";"https://api.fifa.com/api/v1/picture/flags-sq-4/svk";"SVK";"https://www.fifa.com/associations/association/SVK"
170;"Slovenia";"Slovenia";"https://api.fifa.com/api/v1/picture/flags-sq-4/svn";"SVN";"https://www.fifa.com/associations/association/SVN"
171;"Solomon Islands";"Solomon Islands";"https://api.fifa.com/api/v1/picture/flags-sq-4/sol";"SOL";"https://www.fifa.com/associations/association/SOL"
172;"Somalia";"Somalia";"https://api.fifa.com/api/v1/picture/flags-sq-4/som";"SOM";"https://www.fifa.com/associations/association/SOM"
173;"South Africa";"South Africa";"https://api.fifa.com/api/v1/picture/flags-sq-4/rsa";"RSA";"https://www.fifa.com/associations/association/RSA"
174;"South Sudan";"South Sudan";"https://api.fifa.com/api/v1/picture/flags-sq-4/ssd";"SSD";"https://www.fifa.com/associations/association/SSD"
175;"Spain";"Spain";"https://api.fifa.com/api/v1/picture/flags-sq-4/esp";"ESP";"https://www.fifa.com/associations/association/ESP"
176;"Sri Lanka";"Sri Lanka";"https://api.fifa.com/api/v1/picture/flags-sq-4/sri";"SRI";"https://www.fifa.com/associations/association/SRI"
177;"St. Kitts and Nevis";"St. Kitts and Nevis";"https://api.fifa.com/api/v1/picture/flags-sq-4/skn";"SKN";"https://www.fifa.com/associations/association/SKN"
178;"St. Lucia";"St. Lucia";"https://api.fifa.com/api/v1/picture/flags-sq-4/lca";"LCA";"https://www.fifa.com/associations/association/LCA"
179;"St. Vincent and the Grenadines";"St. Vincent and the Grenadines";"https://api.fifa.com/api/v1/picture/flags-sq-4/vin";"VIN";"https://www.fifa.com/associations/association/VIN"
180;"Sudan";"Sudan";"https://api.fifa.com/api/v1/picture/flags-sq-4/sdn";"SDN";"https://www.fifa.com/associations/association/SDN"
181;"Suriname";"Suriname";"https://api.fifa.com/api/v1/picture/flags-sq-4/sur";"SUR";"https://www.fifa.com/associations/association/SUR"
182;"Sweden";"Sweden";"https://api.fifa.com/api/v1/picture/flags-sq-4/swe";"SWE";"https://www.fifa.com/associations/association/SWE"
183;"Switzerland";"Switzerland";"https://api.fifa.com/api/v1/picture/flags-sq-4/sui";"SUI";"https://www.fifa.com/associations/association/SUI"
184;"Syria";"Syria";"https://api.fifa.com/api/v1/picture/flags-sq-4/syr";"SYR";"https://www.fifa.com/associations/association/SYR"
185;"Tahiti";"Tahiti";"https://api.fifa.com/api/v1/picture/flags-sq-4/tah";"TAH";"https://www.fifa.com/associations/association/TAH"
186;"Tajikistan";"Tajikistan";"https://api.fifa.com/api/v1/picture/flags-sq-4/tjk";"TJK";"https://www.fifa.com/associations/association/TJK"
187;"Tanzania";"Tanzania";"https://api.fifa.com/api/v1/picture/flags-sq-4/tan";"TAN";"https://www.fifa.com/associations/association/TAN"
188;"Thailand";"Thailand";"https://api.fifa.com/api/v1/picture/flags-sq-4/tha";"THA";"https://www.fifa.com/associations/association/THA"
189;"Timor-Leste";"Timor-Leste";"https://api.fifa.com/api/v1/picture/flags-sq-4/tls";"TLS";"https://www.fifa.com/associations/association/TLS"
190;"Togo";"Togo";"https://api.fifa.com/api/v1/picture/flags-sq-4/tog";"TOG";"https://www.fifa.com/associations/association/TOG"
191;"Tonga";"Tonga";"https://api.fifa.com/api/v1/picture/flags-sq-4/tga";"TGA";"https://www.fifa.com/associations/association/TGA"
192;"Trinidad and Tobago";"Trinidad and Tobago";"https://api.fifa.com/api/v1/picture/flags-sq-4/tri";"TRI";"https://www.fifa.com/associations/association/TRI"
193;"Tunisia";"Tunisia";"https://api.fifa.com/api/v1/picture/flags-sq-4/tun";"TUN";"https://www.fifa.com/associations/association/TUN"
194;"Turkey";"Turkey";"https://api.fifa.com/api/v1/picture/flags-sq-4/tur";"TUR";"https://www.fifa.com/associations/association/TUR"
195;"Turkmenistan";"Turkmenistan";"https://api.fifa.com/api/v1/picture/flags-sq-4/tkm";"TKM";"https://www.fifa.com/associations/association/TKM"
196;"Turks and Caicos Islands";"Turks and Caicos Islands";"https://api.fifa.com/api/v1/picture/flags-sq-4/tca";"TCA";"https://www.fifa.com/associations/association/TCA"
197;"Uganda";"Uganda";"https://api.fifa.com/api/v1/picture/flags-sq-4/uga";"UGA";"https://www.fifa.com/associations/association/UGA"
198;"Ukraine";"Ukraine";"https://api.fifa.com/api/v1/picture/flags-sq-4/ukr";"UKR";"https://www.fifa.com/associations/association/UKR"
199;"United Arab Emirates";"United Arab Emirates";"https://api.fifa.com/api/v1/picture/flags-sq-4/uae";"UAE";"https://www.fifa.com/associations/association/UAE"
200;"Uruguay";"Uruguay";"https://api.fifa.com/api/v1/picture/flags-sq-4/uru";"URU";"https://www.fifa.com/associations/association/URU"
201;"US Virgin Islands";"US Virgin Islands";"https://api.fifa.com/api/v1/picture/flags-sq-4/vir";"VIR";"https://www.fifa.com/associations/association/VIR"
202;"USA";"USA";"https://api.fifa.com/api/v1/picture/flags-sq-4/usa";"USA";"https://www.fifa.com/associations/association/USA"
203;"Uzbekistan";"Uzbekistan";"https://api.fifa.com/api/v1/picture/flags-sq-4/uzb";"UZB";"https://www.fifa.com/associations/association/UZB"
204;"Vanuatu";"Vanuatu";"https://api.fifa.com/api/v1/picture/flags-sq-4/van";"VAN";"https://www.fifa.com/associations/association/VAN"
205;"Venezuela";"Venezuela";"https://api.fifa.com/api/v1/picture/flags-sq-4/ven";"VEN";"https://www.fifa.com/associations/association/VEN"
206;"Vietnam";"Vietnam";"https://api.fifa.com/api/v1/picture/flags-sq-4/vie";"VIE";"https://www.fifa.com/associations/association/VIE"
207;"Wales";"Wales";"https://api.fifa.com/api/v1/picture/flags-sq-4/wal";"WAL";"https://www.fifa.com/associations/association/WAL"
208;"Yemen";"Yemen";"https://api.fifa.com/api/v1/picture/flags-sq-4/yem";"YEM";"https://www.fifa.com/associations/association/YEM"
209;"Zambia";"Zambia";"https://api.fifa.com/api/v1/picture/flags-sq-4/zam";"ZAM";"https://www.fifa.com/associations/association/ZAM"
210;"Zimbabwe";"Zimbabwe";"https://api.fifa.com/api/v1/picture/flags-sq-4/zim";"ZIM";"https://www.fifa.com/associations/association/ZIM"
212;"Côte d'Ivoire";"Côte d'Ivoire";"https://api.fifa.com/api/v1/picture/flags-sq-4/civ";"CIV";"https://www.fifa.com/associations/association/CIV"
