codigo_pais,logo_url,logo_url,logo_url,Pais,pais_id,region_id
AFG,https://api.fifa.com/api/v1/picture/flags-sq-4/afg,https://api.fifa.com/api/v1/picture/flags-sq-4/afg,https://api.fifa.com/api/v1/picture/flags-sq-4/afg,Afghanistan,64cd25b2-5fe0-439d-a992-6bc95b2251a8,9aee3b2a-dac3-4398-a8f6-6a6cd2b88c74
AIA,https://api.fifa.com/api/v1/picture/flags-sq-4/aia,https://api.fifa.com/api/v1/picture/flags-sq-4/aia,https://api.fifa.com/api/v1/picture/flags-sq-4/aia,Anguilla,4b87e43c-239e-45e9-b6e6-70e624dbcb8f,299297c1-0ff6-400f-a711-e0f9505e6d01
ALB,https://api.fifa.com/api/v1/picture/flags-sq-4/alb,https://api.fifa.com/api/v1/picture/flags-sq-4/alb,https://api.fifa.com/api/v1/picture/flags-sq-4/alb,Albania,17913ba0-8711-4575-ba70-3e032693c997,f5108bc2-6414-428d-afa8-7f6d4c02d153
ALG,https://api.fifa.com/api/v1/picture/flags-sq-4/alg,https://api.fifa.com/api/v1/picture/flags-sq-4/alg,https://api.fifa.com/api/v1/picture/flags-sq-4/alg,Algeria,b2ba4b83-fda7-4865-9cd0-b5dc5b71126c,180c304e-079d-4845-95e1-c2a3976914c0
AND,https://api.fifa.com/api/v1/picture/flags-sq-4/and,https://api.fifa.com/api/v1/picture/flags-sq-4/and,https://api.fifa.com/api/v1/picture/flags-sq-4/and,Andorra,b2fd5ae9-59d0-4909-a4d8-da10650a186d,f5108bc2-6414-428d-afa8-7f6d4c02d153
ANG,https://api.fifa.com/api/v1/picture/flags-sq-4/ang,https://api.fifa.com/api/v1/picture/flags-sq-4/ang,https://api.fifa.com/api/v1/picture/flags-sq-4/ang,Angola,20f9a085-0101-49f2-925a-2eb99fdb559c,180c304e-079d-4845-95e1-c2a3976914c0
ARG,https://api.fifa.com/api/v1/picture/flags-sq-4/arg,https://api.fifa.com/api/v1/picture/flags-sq-4/arg,https://api.fifa.com/api/v1/picture/flags-sq-4/arg,Argentina,3cc16633-ccb8-4c00-b59e-e1e210b63db5,1c0979d8-d333-4b0a-a069-ee7fd86bb1b6
ARM,https://api.fifa.com/api/v1/picture/flags-sq-4/arm,https://api.fifa.com/api/v1/picture/flags-sq-4/arm,https://api.fifa.com/api/v1/picture/flags-sq-4/arm,Armenia,195a0e76-a1fb-4660-8da8-59e8891a935a,9aee3b2a-dac3-4398-a8f6-6a6cd2b88c74
ARU,https://api.fifa.com/api/v1/picture/flags-sq-4/aru,https://api.fifa.com/api/v1/picture/flags-sq-4/aru,https://api.fifa.com/api/v1/picture/flags-sq-4/aru,Aruba,674a1e6f-afff-4ca7-b5d7-d3fc2f1fa878,299297c1-0ff6-400f-a711-e0f9505e6d01
ASA,https://api.fifa.com/api/v1/picture/flags-sq-4/asa,https://api.fifa.com/api/v1/picture/flags-sq-4/asa,https://api.fifa.com/api/v1/picture/flags-sq-4/asa,American Samoa,0533af29-538c-4421-9b0e-0e33719cbfec,7ac257e8-e9b0-40a0-9371-5dc58e38ffba
ATG,https://api.fifa.com/api/v1/picture/flags-sq-4/atg,https://api.fifa.com/api/v1/picture/flags-sq-4/atg,https://api.fifa.com/api/v1/picture/flags-sq-4/atg,Antigua and Barbuda,5260c71b-23fc-4f27-bb52-ab7566949c91,299297c1-0ff6-400f-a711-e0f9505e6d01
AUS,https://api.fifa.com/api/v1/picture/flags-sq-4/aus,https://api.fifa.com/api/v1/picture/flags-sq-4/aus,https://api.fifa.com/api/v1/picture/flags-sq-4/aus,Australia,b657f7d4-3ba2-4da7-856b-27db6b3a2a81,7ac257e8-e9b0-40a0-9371-5dc58e38ffba
AUT,https://api.fifa.com/api/v1/picture/flags-sq-4/aut,https://api.fifa.com/api/v1/picture/flags-sq-4/aut,https://api.fifa.com/api/v1/picture/flags-sq-4/aut,Austria,b982ad9a-dedb-4bbe-8ba1-65613916aced,f5108bc2-6414-428d-afa8-7f6d4c02d153
AZE,https://api.fifa.com/api/v1/picture/flags-sq-4/aze,https://api.fifa.com/api/v1/picture/flags-sq-4/aze,https://api.fifa.com/api/v1/picture/flags-sq-4/aze,Azerbaijan,44d2e3f5-1478-48a2-8b5a-f0351c48aca8,9aee3b2a-dac3-4398-a8f6-6a6cd2b88c74
BAH,https://api.fifa.com/api/v1/picture/flags-sq-4/bah,https://api.fifa.com/api/v1/picture/flags-sq-4/bah,https://api.fifa.com/api/v1/picture/flags-sq-4/bah,Bahamas,12d552a7-3ada-4a91-86ce-c834f0dd6e1f,299297c1-0ff6-400f-a711-e0f9505e6d01
BAN,https://api.fifa.com/api/v1/picture/flags-sq-4/ban,https://api.fifa.com/api/v1/picture/flags-sq-4/ban,https://api.fifa.com/api/v1/picture/flags-sq-4/ban,Bangladesh,d9654f03-caba-4e13-8477-e2e47f734247,9aee3b2a-dac3-4398-a8f6-6a6cd2b88c74
BDI,https://api.fifa.com/api/v1/picture/flags-sq-4/bdi,https://api.fifa.com/api/v1/picture/flags-sq-4/bdi,https://api.fifa.com/api/v1/picture/flags-sq-4/bdi,Burundi,8cfc6728-51cf-469b-a661-01fac907e826,180c304e-079d-4845-95e1-c2a3976914c0
BEL,https://api.fifa.com/api/v1/picture/flags-sq-4/bel,https://api.fifa.com/api/v1/picture/flags-sq-4/bel,https://api.fifa.com/api/v1/picture/flags-sq-4/bel,Belgium,682b5a72-0c70-41a7-b5cb-556c5839a417,f5108bc2-6414-428d-afa8-7f6d4c02d153
BEN,https://api.fifa.com/api/v1/picture/flags-sq-4/ben,https://api.fifa.com/api/v1/picture/flags-sq-4/ben,https://api.fifa.com/api/v1/picture/flags-sq-4/ben,Benin,b90a8a28-66b3-4de3-99eb-a9373a849cb9,180c304e-079d-4845-95e1-c2a3976914c0
BER,https://api.fifa.com/api/v1/picture/flags-sq-4/ber,https://api.fifa.com/api/v1/picture/flags-sq-4/ber,https://api.fifa.com/api/v1/picture/flags-sq-4/ber,Bermuda,14186b63-82df-4510-9b68-8672e76dd721,299297c1-0ff6-400f-a711-e0f9505e6d01
BFA,https://api.fifa.com/api/v1/picture/flags-sq-4/bfa,https://api.fifa.com/api/v1/picture/flags-sq-4/bfa,https://api.fifa.com/api/v1/picture/flags-sq-4/bfa,Burkina Faso,a82e4b41-e4bd-4b2c-b3dd-7a702f8b0d16,180c304e-079d-4845-95e1-c2a3976914c0
BHR,https://api.fifa.com/api/v1/picture/flags-sq-4/bhr,https://api.fifa.com/api/v1/picture/flags-sq-4/bhr,https://api.fifa.com/api/v1/picture/flags-sq-4/bhr,Bahrain,0e83e2f5-7d0f-4500-9d4a-8306881ede06,9aee3b2a-dac3-4398-a8f6-6a6cd2b88c74
BHU,https://api.fifa.com/api/v1/picture/flags-sq-4/bhu,https://api.fifa.com/api/v1/picture/flags-sq-4/bhu,https://api.fifa.com/api/v1/picture/flags-sq-4/bhu,Bhutan,ed269059-a54e-4e0a-896c-ce51726640b7,9aee3b2a-dac3-4398-a8f6-6a6cd2b88c74
BIH,https://api.fifa.com/api/v1/picture/flags-sq-4/bih,https://api.fifa.com/api/v1/picture/flags-sq-4/bih,https://api.fifa.com/api/v1/picture/flags-sq-4/bih,Bosnia and Herzegovina,f34c448a-61f7-45b5-be2e-86406cdac456,f5108bc2-6414-428d-afa8-7f6d4c02d153
BLR,https://api.fifa.com/api/v1/picture/flags-sq-4/blr,https://api.fifa.com/api/v1/picture/flags-sq-4/blr,https://api.fifa.com/api/v1/picture/flags-sq-4/blr,Belarus,19af659a-2303-4579-880f-2274a260cf41,f5108bc2-6414-428d-afa8-7f6d4c02d153
BLZ,https://api.fifa.com/api/v1/picture/flags-sq-4/blz,https://api.fifa.com/api/v1/picture/flags-sq-4/blz,https://api.fifa.com/api/v1/picture/flags-sq-4/blz,Belize,3961086e-3ff7-45e9-9280-bd6f465ca1aa,299297c1-0ff6-400f-a711-e0f9505e6d01
BOL,https://api.fifa.com/api/v1/picture/flags-sq-4/bol,https://api.fifa.com/api/v1/picture/flags-sq-4/bol,https://api.fifa.com/api/v1/picture/flags-sq-4/bol,Bolivia,42d8d042-1e8d-4e96-bfb5-f6901413bf98,1c0979d8-d333-4b0a-a069-ee7fd86bb1b6
BOT,https://api.fifa.com/api/v1/picture/flags-sq-4/bot,https://api.fifa.com/api/v1/picture/flags-sq-4/bot,https://api.fifa.com/api/v1/picture/flags-sq-4/bot,Botswana,d3301414-0bfb-4632-ae7c-c3a8b747d320,180c304e-079d-4845-95e1-c2a3976914c0
BRA,https://api.fifa.com/api/v1/picture/flags-sq-4/bra,https://api.fifa.com/api/v1/picture/flags-sq-4/bra,https://api.fifa.com/api/v1/picture/flags-sq-4/bra,Brazil,9aa1e820-4c5f-4ede-a1d4-2e271876a340,1c0979d8-d333-4b0a-a069-ee7fd86bb1b6
BRB,https://api.fifa.com/api/v1/picture/flags-sq-4/brb,https://api.fifa.com/api/v1/picture/flags-sq-4/brb,https://api.fifa.com/api/v1/picture/flags-sq-4/brb,Barbados,64de7d33-8641-448b-b075-d64c2cef05f8,299297c1-0ff6-400f-a711-e0f9505e6d01
BRU,https://api.fifa.com/api/v1/picture/flags-sq-4/bru,https://api.fifa.com/api/v1/picture/flags-sq-4/bru,https://api.fifa.com/api/v1/picture/flags-sq-4/bru,Brunei Darussalam,cc6ba165-5d09-4b87-8bdb-b6c977b765c7,9aee3b2a-dac3-4398-a8f6-6a6cd2b88c74
BUL,https://api.fifa.com/api/v1/picture/flags-sq-4/bul,https://api.fifa.com/api/v1/picture/flags-sq-4/bul,https://api.fifa.com/api/v1/picture/flags-sq-4/bul,Bulgaria,a2f66693-e952-4306-bfa7-8d04d147e6e9,f5108bc2-6414-428d-afa8-7f6d4c02d153
CAM,https://api.fifa.com/api/v1/picture/flags-sq-4/cam,https://api.fifa.com/api/v1/picture/flags-sq-4/cam,https://api.fifa.com/api/v1/picture/flags-sq-4/cam,Cambodia,121494e3-296b-48df-838f-fb46455f69f7,9aee3b2a-dac3-4398-a8f6-6a6cd2b88c74
CAN,https://api.fifa.com/api/v1/picture/flags-sq-4/can,https://api.fifa.com/api/v1/picture/flags-sq-4/can,https://api.fifa.com/api/v1/picture/flags-sq-4/can,Canada,de9af91c-c54a-4044-882a-5e5084c501e9,299297c1-0ff6-400f-a711-e0f9505e6d01
CAY,https://api.fifa.com/api/v1/picture/flags-sq-4/cay,https://api.fifa.com/api/v1/picture/flags-sq-4/cay,https://api.fifa.com/api/v1/picture/flags-sq-4/cay,Cayman Islands,16fcc7f2-1962-4c21-9d0a-fc6ac005e7fb,299297c1-0ff6-400f-a711-e0f9505e6d01
CGO,https://api.fifa.com/api/v1/picture/flags-sq-4/cgo,https://api.fifa.com/api/v1/picture/flags-sq-4/cgo,https://api.fifa.com/api/v1/picture/flags-sq-4/cgo,Congo,8a038085-0d7d-43df-9494-ba152b47d75a,180c304e-079d-4845-95e1-c2a3976914c0
CHA,https://api.fifa.com/api/v1/picture/flags-sq-4/cha,https://api.fifa.com/api/v1/picture/flags-sq-4/cha,https://api.fifa.com/api/v1/picture/flags-sq-4/cha,Chad,9eb7fe5e-0417-41e9-8a77-2418ae9404f9,180c304e-079d-4845-95e1-c2a3976914c0
CHI,https://api.fifa.com/api/v1/picture/flags-sq-4/chi,https://api.fifa.com/api/v1/picture/flags-sq-4/chi,https://api.fifa.com/api/v1/picture/flags-sq-4/chi,Chile,ddbf1a7c-fb01-4811-8f7d-5732456680aa,1c0979d8-d333-4b0a-a069-ee7fd86bb1b6
CHN,https://api.fifa.com/api/v1/picture/flags-sq-4/chn,https://api.fifa.com/api/v1/picture/flags-sq-4/chn,https://api.fifa.com/api/v1/picture/flags-sq-4/chn,China PR,82462bdd-97a4-4e27-a9a8-d1aa5e3cf6e1,9aee3b2a-dac3-4398-a8f6-6a6cd2b88c74
CIV,https://api.fifa.com/api/v1/picture/flags-sq-4/civ,https://api.fifa.com/api/v1/picture/flags-sq-4/civ,https://api.fifa.com/api/v1/picture/flags-sq-4/civ,Côte d'Ivoire,b9e01f58-47ef-4109-b6ce-5aa67cd1f3f8,180c304e-079d-4845-95e1-c2a3976914c0
CMR,https://api.fifa.com/api/v1/picture/flags-sq-4/cmr,https://api.fifa.com/api/v1/picture/flags-sq-4/cmr,https://api.fifa.com/api/v1/picture/flags-sq-4/cmr,Cameroon,510da8df-cea7-4c58-8619-1c756ad9731c,180c304e-079d-4845-95e1-c2a3976914c0
COD,https://api.fifa.com/api/v1/picture/flags-sq-4/cod,https://api.fifa.com/api/v1/picture/flags-sq-4/cod,https://api.fifa.com/api/v1/picture/flags-sq-4/cod,Congo DR,ed4e4933-916b-4b04-9b6e-70082eb7cd6a,180c304e-079d-4845-95e1-c2a3976914c0
COK,https://api.fifa.com/api/v1/picture/flags-sq-4/cok,https://api.fifa.com/api/v1/picture/flags-sq-4/cok,https://api.fifa.com/api/v1/picture/flags-sq-4/cok,Cook Islands,67960f29-0503-4372-8bfe-cc610c2e9751,7ac257e8-e9b0-40a0-9371-5dc58e38ffba
COL,https://api.fifa.com/api/v1/picture/flags-sq-4/col,https://api.fifa.com/api/v1/picture/flags-sq-4/col,https://api.fifa.com/api/v1/picture/flags-sq-4/col,Colombia,e01d8346-63b0-495d-9e3b-5d27b00ef3c9,1c0979d8-d333-4b0a-a069-ee7fd86bb1b6
COM,https://api.fifa.com/api/v1/picture/flags-sq-4/com,https://api.fifa.com/api/v1/picture/flags-sq-4/com,https://api.fifa.com/api/v1/picture/flags-sq-4/com,Comoros,c23aa42e-53f7-4eef-811b-07eb8bc6b249,180c304e-079d-4845-95e1-c2a3976914c0
CPV,https://api.fifa.com/api/v1/picture/flags-sq-4/cpv,https://api.fifa.com/api/v1/picture/flags-sq-4/cpv,https://api.fifa.com/api/v1/picture/flags-sq-4/cpv,Cabo Verde,67455882-45e3-4325-bd23-fc3292468d31,180c304e-079d-4845-95e1-c2a3976914c0
CRC,https://api.fifa.com/api/v1/picture/flags-sq-4/crc,https://api.fifa.com/api/v1/picture/flags-sq-4/crc,https://api.fifa.com/api/v1/picture/flags-sq-4/crc,Costa Rica,b44a0154-a130-468e-a6ba-32a9da990444,299297c1-0ff6-400f-a711-e0f9505e6d01
CRO,https://api.fifa.com/api/v1/picture/flags-sq-4/cro,https://api.fifa.com/api/v1/picture/flags-sq-4/cro,https://api.fifa.com/api/v1/picture/flags-sq-4/cro,Croatia,7e7b3239-1330-491f-8a25-dfb56b03c1c8,f5108bc2-6414-428d-afa8-7f6d4c02d153
CTA,https://api.fifa.com/api/v1/picture/flags-sq-4/cta,https://api.fifa.com/api/v1/picture/flags-sq-4/cta,https://api.fifa.com/api/v1/picture/flags-sq-4/cta,Central African Republic,1d3f5c28-63ad-411a-b891-de5d5b4b8426,180c304e-079d-4845-95e1-c2a3976914c0
CUB,https://api.fifa.com/api/v1/picture/flags-sq-4/cub,https://api.fifa.com/api/v1/picture/flags-sq-4/cub,https://api.fifa.com/api/v1/picture/flags-sq-4/cub,Cuba,c7561552-2664-4ed5-acec-2697bddaf4eb,299297c1-0ff6-400f-a711-e0f9505e6d01
CUW,https://api.fifa.com/api/v1/picture/flags-sq-4/cuw,https://api.fifa.com/api/v1/picture/flags-sq-4/cuw,https://api.fifa.com/api/v1/picture/flags-sq-4/cuw,Curaçao,86bdc828-e072-4ebb-917b-698147f76c7e,299297c1-0ff6-400f-a711-e0f9505e6d01
CYP,https://api.fifa.com/api/v1/picture/flags-sq-4/cyp,https://api.fifa.com/api/v1/picture/flags-sq-4/cyp,https://api.fifa.com/api/v1/picture/flags-sq-4/cyp,Cyprus,3eacebde-cf3b-4671-8b68-942bde052336,9aee3b2a-dac3-4398-a8f6-6a6cd2b88c74
CZE,https://api.fifa.com/api/v1/picture/flags-sq-4/cze,https://api.fifa.com/api/v1/picture/flags-sq-4/cze,https://api.fifa.com/api/v1/picture/flags-sq-4/cze,Czech Republic,8f8b9fb1-1e5e-4128-bf16-131d32d21754,f5108bc2-6414-428d-afa8-7f6d4c02d153
DEN,https://api.fifa.com/api/v1/picture/flags-sq-4/den,https://api.fifa.com/api/v1/picture/flags-sq-4/den,https://api.fifa.com/api/v1/picture/flags-sq-4/den,Denmark,bce5916f-dd76-457f-9f27-aeec9c72358c,f5108bc2-6414-428d-afa8-7f6d4c02d153
DJI,https://api.fifa.com/api/v1/picture/flags-sq-4/dji,https://api.fifa.com/api/v1/picture/flags-sq-4/dji,https://api.fifa.com/api/v1/picture/flags-sq-4/dji,Djibouti,020c0b84-6513-4e7d-8567-c4308e061500,180c304e-079d-4845-95e1-c2a3976914c0
DMA,https://api.fifa.com/api/v1/picture/flags-sq-4/dma,https://api.fifa.com/api/v1/picture/flags-sq-4/dma,https://api.fifa.com/api/v1/picture/flags-sq-4/dma,Dominica,9db931e1-d11e-41b7-84d9-aeef1d892ce3,299297c1-0ff6-400f-a711-e0f9505e6d01
DOM,https://api.fifa.com/api/v1/picture/flags-sq-4/dom,https://api.fifa.com/api/v1/picture/flags-sq-4/dom,https://api.fifa.com/api/v1/picture/flags-sq-4/dom,Dominican Republic,c2482f71-f937-4c03-8919-7a222577cf05,299297c1-0ff6-400f-a711-e0f9505e6d01
ECU,https://api.fifa.com/api/v1/picture/flags-sq-4/ecu,https://api.fifa.com/api/v1/picture/flags-sq-4/ecu,https://api.fifa.com/api/v1/picture/flags-sq-4/ecu,Ecuador,67b3b25e-e76c-41f4-a3de-6e5db23e9703,1c0979d8-d333-4b0a-a069-ee7fd86bb1b6
EGY,https://api.fifa.com/api/v1/picture/flags-sq-4/egy,https://api.fifa.com/api/v1/picture/flags-sq-4/egy,https://api.fifa.com/api/v1/picture/flags-sq-4/egy,Egypt,7ee00bbb-a22f-41ea-b32e-3f755a781d5a,180c304e-079d-4845-95e1-c2a3976914c0
ENG,https://api.fifa.com/api/v1/picture/flags-sq-4/eng,https://api.fifa.com/api/v1/picture/flags-sq-4/eng,https://api.fifa.com/api/v1/picture/flags-sq-4/eng,England,4a06aec8-5061-44e1-9663-a26c1bcabd60,f5108bc2-6414-428d-afa8-7f6d4c02d153
EQG,https://api.fifa.com/api/v1/picture/flags-sq-4/eqg,https://api.fifa.com/api/v1/picture/flags-sq-4/eqg,https://api.fifa.com/api/v1/picture/flags-sq-4/eqg,Equatorial Guinea,f25e013c-ea58-40b0-b59d-24d4ed2ab3c6,180c304e-079d-4845-95e1-c2a3976914c0
ERI,https://api.fifa.com/api/v1/picture/flags-sq-4/eri,https://api.fifa.com/api/v1/picture/flags-sq-4/eri,https://api.fifa.com/api/v1/picture/flags-sq-4/eri,Eritrea,5e7c693d-20f5-4459-b039-6ec280b712e9,180c304e-079d-4845-95e1-c2a3976914c0
ESP,https://api.fifa.com/api/v1/picture/flags-sq-4/esp,https://api.fifa.com/api/v1/picture/flags-sq-4/esp,https://api.fifa.com/api/v1/picture/flags-sq-4/esp,Spain,93347d2e-d08b-4715-ac58-981b38c4a681,f5108bc2-6414-428d-afa8-7f6d4c02d153
EST,https://api.fifa.com/api/v1/picture/flags-sq-4/est,https://api.fifa.com/api/v1/picture/flags-sq-4/est,https://api.fifa.com/api/v1/picture/flags-sq-4/est,Estonia,9fdc212c-9b12-42df-995f-2ded13a3cc26,f5108bc2-6414-428d-afa8-7f6d4c02d153
ETH,https://api.fifa.com/api/v1/picture/flags-sq-4/eth,https://api.fifa.com/api/v1/picture/flags-sq-4/eth,https://api.fifa.com/api/v1/picture/flags-sq-4/eth,Ethiopia,26d5f5bd-5641-45f6-8a5e-ba186e4c0c05,180c304e-079d-4845-95e1-c2a3976914c0
FIJ,https://api.fifa.com/api/v1/picture/flags-sq-4/fij,https://api.fifa.com/api/v1/picture/flags-sq-4/fij,https://api.fifa.com/api/v1/picture/flags-sq-4/fij,Fiji,4695a671-39b8-42e6-93d0-2c30452e7a5b,7ac257e8-e9b0-40a0-9371-5dc58e38ffba
FIN,https://api.fifa.com/api/v1/picture/flags-sq-4/fin,https://api.fifa.com/api/v1/picture/flags-sq-4/fin,https://api.fifa.com/api/v1/picture/flags-sq-4/fin,Finland,7777c5a8-c5c5-47f6-baa3-64833190f9e9,f5108bc2-6414-428d-afa8-7f6d4c02d153
FRA,https://api.fifa.com/api/v1/picture/flags-sq-4/fra,https://api.fifa.com/api/v1/picture/flags-sq-4/fra,https://api.fifa.com/api/v1/picture/flags-sq-4/fra,France,a9840d2a-f6ef-42db-b8bb-742b855fc6b9,f5108bc2-6414-428d-afa8-7f6d4c02d153
FRO,https://api.fifa.com/api/v1/picture/flags-sq-4/fro,https://api.fifa.com/api/v1/picture/flags-sq-4/fro,https://api.fifa.com/api/v1/picture/flags-sq-4/fro,Faroe Islands,0071deb5-72ab-412c-8e73-2888f3767516,f5108bc2-6414-428d-afa8-7f6d4c02d153
GAB,https://api.fifa.com/api/v1/picture/flags-sq-4/gab,https://api.fifa.com/api/v1/picture/flags-sq-4/gab,https://api.fifa.com/api/v1/picture/flags-sq-4/gab,Gabon,47664626-b601-4346-9336-f2ca13668776,180c304e-079d-4845-95e1-c2a3976914c0
GAM,https://api.fifa.com/api/v1/picture/flags-sq-4/gam,https://api.fifa.com/api/v1/picture/flags-sq-4/gam,https://api.fifa.com/api/v1/picture/flags-sq-4/gam,Gambia,231349bd-ac7a-4731-9dc1-61328439e964,180c304e-079d-4845-95e1-c2a3976914c0
GEO,https://api.fifa.com/api/v1/picture/flags-sq-4/geo,https://api.fifa.com/api/v1/picture/flags-sq-4/geo,https://api.fifa.com/api/v1/picture/flags-sq-4/geo,Georgia,07f0fb96-08c8-4269-81e0-a132f0179c23,9aee3b2a-dac3-4398-a8f6-6a6cd2b88c74
GER,https://api.fifa.com/api/v1/picture/flags-sq-4/ger,https://api.fifa.com/api/v1/picture/flags-sq-4/ger,https://api.fifa.com/api/v1/picture/flags-sq-4/ger,Germany,330e3049-b95b-4ffa-8b2c-d0a743f16b8a,f5108bc2-6414-428d-afa8-7f6d4c02d153
GHA,https://api.fifa.com/api/v1/picture/flags-sq-4/gha,https://api.fifa.com/api/v1/picture/flags-sq-4/gha,https://api.fifa.com/api/v1/picture/flags-sq-4/gha,Ghana,c55d349d-3848-4fb6-8e4f-6e6569e11155,180c304e-079d-4845-95e1-c2a3976914c0
GIB,https://api.fifa.com/api/v1/picture/flags-sq-4/gib,https://api.fifa.com/api/v1/picture/flags-sq-4/gib,https://api.fifa.com/api/v1/picture/flags-sq-4/gib,Gibraltar,40ce066d-b7eb-4e8b-8e38-43a320e72b51,f5108bc2-6414-428d-afa8-7f6d4c02d153
GNB,https://api.fifa.com/api/v1/picture/flags-sq-4/gnb,https://api.fifa.com/api/v1/picture/flags-sq-4/gnb,https://api.fifa.com/api/v1/picture/flags-sq-4/gnb,Guinea-Bissau,f01d3f1d-ddf9-4cac-869f-8b60275b4b1d,180c304e-079d-4845-95e1-c2a3976914c0
GRE,https://api.fifa.com/api/v1/picture/flags-sq-4/gre,https://api.fifa.com/api/v1/picture/flags-sq-4/gre,https://api.fifa.com/api/v1/picture/flags-sq-4/gre,Greece,50812c3e-fc07-46da-a15f-eecb50ac5437,f5108bc2-6414-428d-afa8-7f6d4c02d153
GRN,https://api.fifa.com/api/v1/picture/flags-sq-4/grn,https://api.fifa.com/api/v1/picture/flags-sq-4/grn,https://api.fifa.com/api/v1/picture/flags-sq-4/grn,Grenada,f73f1d75-d694-4760-b076-97f277410f99,299297c1-0ff6-400f-a711-e0f9505e6d01
GUA,https://api.fifa.com/api/v1/picture/flags-sq-4/gua,https://api.fifa.com/api/v1/picture/flags-sq-4/gua,https://api.fifa.com/api/v1/picture/flags-sq-4/gua,Guatemala,ed8c064e-fa7d-4136-966c-e5aab0d14bf0,299297c1-0ff6-400f-a711-e0f9505e6d01
GUI,https://api.fifa.com/api/v1/picture/flags-sq-4/gui,https://api.fifa.com/api/v1/picture/flags-sq-4/gui,https://api.fifa.com/api/v1/picture/flags-sq-4/gui,Guinea,c29d2053-5c36-4d96-b60f-9a2e3f1ce45f,180c304e-079d-4845-95e1-c2a3976914c0
GUM,https://api.fifa.com/api/v1/picture/flags-sq-4/gum,https://api.fifa.com/api/v1/picture/flags-sq-4/gum,https://api.fifa.com/api/v1/picture/flags-sq-4/gum,Guam,03a8c6d6-b94f-47ef-b97a-60c2c1882a42,7ac257e8-e9b0-40a0-9371-5dc58e38ffba
GUY,https://api.fifa.com/api/v1/picture/flags-sq-4/guy,https://api.fifa.com/api/v1/picture/flags-sq-4/guy,https://api.fifa.com/api/v1/picture/flags-sq-4/guy,Guyana,5352f895-d308-49f7-9c3f-180c3c97ade0,1c0979d8-d333-4b0a-a069-ee7fd86bb1b6
HAI,https://api.fifa.com/api/v1/picture/flags-sq-4/hai,https://api.fifa.com/api/v1/picture/flags-sq-4/hai,https://api.fifa.com/api/v1/picture/flags-sq-4/hai,Haiti,4a8d56c8-e307-45a0-b478-4408c3a4d66b,299297c1-0ff6-400f-a711-e0f9505e6d01
HKG,https://api.fifa.com/api/v1/picture/flags-sq-4/hkg,https://api.fifa.com/api/v1/picture/flags-sq-4/hkg,https://api.fifa.com/api/v1/picture/flags-sq-4/hkg,Hong Kong,d4ac0bee-61e3-4ac2-b844-1ad08edb25e1,9aee3b2a-dac3-4398-a8f6-6a6cd2b88c74
HON,https://api.fifa.com/api/v1/picture/flags-sq-4/hon,https://api.fifa.com/api/v1/picture/flags-sq-4/hon,https://api.fifa.com/api/v1/picture/flags-sq-4/hon,Honduras,3b960bdd-6ad2-4e13-b79c-a9e5bf706af6,299297c1-0ff6-400f-a711-e0f9505e6d01
HUN,https://api.fifa.com/api/v1/picture/flags-sq-4/hun,https://api.fifa.com/api/v1/picture/flags-sq-4/hun,https://api.fifa.com/api/v1/picture/flags-sq-4/hun,Hungary,f3a45033-f804-4060-aa88-57908940844b,f5108bc2-6414-428d-afa8-7f6d4c02d153
IDN,https://api.fifa.com/api/v1/picture/flags-sq-4/idn,https://api.fifa.com/api/v1/picture/flags-sq-4/idn,https://api.fifa.com/api/v1/picture/flags-sq-4/idn,Indonesia,bd7cb35c-ae16-4102-a8bc-ae705c5cbdf5,9aee3b2a-dac3-4398-a8f6-6a6cd2b88c74
IND,https://api.fifa.com/api/v1/picture/flags-sq-4/ind,https://api.fifa.com/api/v1/picture/flags-sq-4/ind,https://api.fifa.com/api/v1/picture/flags-sq-4/ind,India,58569d1e-be85-4549-8f7f-9c9833f0894c,9aee3b2a-dac3-4398-a8f6-6a6cd2b88c74
IRL,https://api.fifa.com/api/v1/picture/flags-sq-4/irl,https://api.fifa.com/api/v1/picture/flags-sq-4/irl,https://api.fifa.com/api/v1/picture/flags-sq-4/irl,Republic of Ireland,6830143a-388c-4869-bc45-1b4c4d4695a3,f5108bc2-6414-428d-afa8-7f6d4c02d153
IRN,https://api.fifa.com/api/v1/picture/flags-sq-4/irn,https://api.fifa.com/api/v1/picture/flags-sq-4/irn,https://api.fifa.com/api/v1/picture/flags-sq-4/irn,IR Iran,9ac152fa-2100-4899-8d41-d0197134e237,9aee3b2a-dac3-4398-a8f6-6a6cd2b88c74
IRQ,https://api.fifa.com/api/v1/picture/flags-sq-4/irq,https://api.fifa.com/api/v1/picture/flags-sq-4/irq,https://api.fifa.com/api/v1/picture/flags-sq-4/irq,Iraq,463ba39d-f824-4429-8a04-372f0154472a,9aee3b2a-dac3-4398-a8f6-6a6cd2b88c74
ISL,https://api.fifa.com/api/v1/picture/flags-sq-4/isl,https://api.fifa.com/api/v1/picture/flags-sq-4/isl,https://api.fifa.com/api/v1/picture/flags-sq-4/isl,Iceland,8360c75d-2225-4554-a78c-069b4b799fd8,f5108bc2-6414-428d-afa8-7f6d4c02d153
ISR,https://api.fifa.com/api/v1/picture/flags-sq-4/isr,https://api.fifa.com/api/v1/picture/flags-sq-4/isr,https://api.fifa.com/api/v1/picture/flags-sq-4/isr,Israel,c4f75c6d-91a4-42e4-8463-a3254ece9294,9aee3b2a-dac3-4398-a8f6-6a6cd2b88c74
ITA,https://api.fifa.com/api/v1/picture/flags-sq-4/ita,https://api.fifa.com/api/v1/picture/flags-sq-4/ita,https://api.fifa.com/api/v1/picture/flags-sq-4/ita,Italy,3a97fbc6-4da2-44ba-8b4a-399b2c344739,f5108bc2-6414-428d-afa8-7f6d4c02d153
JAM,https://api.fifa.com/api/v1/picture/flags-sq-4/jam,https://api.fifa.com/api/v1/picture/flags-sq-4/jam,https://api.fifa.com/api/v1/picture/flags-sq-4/jam,Jamaica,e65c116e-5686-4a8c-a184-121d6253974d,299297c1-0ff6-400f-a711-e0f9505e6d01
JOR,https://api.fifa.com/api/v1/picture/flags-sq-4/jor,https://api.fifa.com/api/v1/picture/flags-sq-4/jor,https://api.fifa.com/api/v1/picture/flags-sq-4/jor,Jordan,fe01d5e6-da0b-47d5-a907-1b888c8939b6,9aee3b2a-dac3-4398-a8f6-6a6cd2b88c74
JPN,https://api.fifa.com/api/v1/picture/flags-sq-4/jpn,https://api.fifa.com/api/v1/picture/flags-sq-4/jpn,https://api.fifa.com/api/v1/picture/flags-sq-4/jpn,Japan,af2b6348-beb8-499d-a903-713cb006ee58,9aee3b2a-dac3-4398-a8f6-6a6cd2b88c74
KAZ,https://api.fifa.com/api/v1/picture/flags-sq-4/kaz,https://api.fifa.com/api/v1/picture/flags-sq-4/kaz,https://api.fifa.com/api/v1/picture/flags-sq-4/kaz,Kazakhstan,c0cea896-2199-41d6-88c9-e92eec27a160,9aee3b2a-dac3-4398-a8f6-6a6cd2b88c74
KEN,https://api.fifa.com/api/v1/picture/flags-sq-4/ken,https://api.fifa.com/api/v1/picture/flags-sq-4/ken,https://api.fifa.com/api/v1/picture/flags-sq-4/ken,Kenya,4babcce9-bd7a-45ba-8852-41f026022217,180c304e-079d-4845-95e1-c2a3976914c0
KGZ,https://api.fifa.com/api/v1/picture/flags-sq-4/kgz,https://api.fifa.com/api/v1/picture/flags-sq-4/kgz,https://api.fifa.com/api/v1/picture/flags-sq-4/kgz,Kyrgyz Republic,29a9068b-152a-4b58-91be-5b0bc80e443a,9aee3b2a-dac3-4398-a8f6-6a6cd2b88c74
KOR,https://api.fifa.com/api/v1/picture/flags-sq-4/kor,https://api.fifa.com/api/v1/picture/flags-sq-4/kor,https://api.fifa.com/api/v1/picture/flags-sq-4/kor,Korea Republic,b2a33292-5e38-445a-8cb2-05d8f41de291,9aee3b2a-dac3-4398-a8f6-6a6cd2b88c74
KSA,https://api.fifa.com/api/v1/picture/flags-sq-4/ksa,https://api.fifa.com/api/v1/picture/flags-sq-4/ksa,https://api.fifa.com/api/v1/picture/flags-sq-4/ksa,Saudi Arabia,1cbf2e55-f9be-47b3-b2ec-50b2cd7d00cc,9aee3b2a-dac3-4398-a8f6-6a6cd2b88c74
KUW,https://api.fifa.com/api/v1/picture/flags-sq-4/kuw,https://api.fifa.com/api/v1/picture/flags-sq-4/kuw,https://api.fifa.com/api/v1/picture/flags-sq-4/kuw,Kuwait,05a5cffd-eb67-4619-9917-3cdc8724c608,9aee3b2a-dac3-4398-a8f6-6a6cd2b88c74
KVX,https://api.fifa.com/api/v1/picture/flags-sq-4/kvx,https://api.fifa.com/api/v1/picture/flags-sq-4/kvx,https://api.fifa.com/api/v1/picture/flags-sq-4/kvx,Kosovo,ea28da0e-b86f-4bcf-ae9b-3d7d5e64df5b,f5108bc2-6414-428d-afa8-7f6d4c02d153
LAO,https://api.fifa.com/api/v1/picture/flags-sq-4/lao,https://api.fifa.com/api/v1/picture/flags-sq-4/lao,https://api.fifa.com/api/v1/picture/flags-sq-4/lao,Laos,c867fe4f-0157-4359-b68f-1834fc7619c9,9aee3b2a-dac3-4398-a8f6-6a6cd2b88c74
LBN,https://api.fifa.com/api/v1/picture/flags-sq-4/lbn,https://api.fifa.com/api/v1/picture/flags-sq-4/lbn,https://api.fifa.com/api/v1/picture/flags-sq-4/lbn,Lebanon,f454b162-d617-42d4-9a73-0497402467bf,9aee3b2a-dac3-4398-a8f6-6a6cd2b88c74
LBR,https://api.fifa.com/api/v1/picture/flags-sq-4/lbr,https://api.fifa.com/api/v1/picture/flags-sq-4/lbr,https://api.fifa.com/api/v1/picture/flags-sq-4/lbr,Liberia,745f617b-e4a1-48e9-8394-456a49885025,180c304e-079d-4845-95e1-c2a3976914c0
LBY,https://api.fifa.com/api/v1/picture/flags-sq-4/lby,https://api.fifa.com/api/v1/picture/flags-sq-4/lby,https://api.fifa.com/api/v1/picture/flags-sq-4/lby,Libya,fa0240bc-4d52-4604-8348-fc188e9d7795,180c304e-079d-4845-95e1-c2a3976914c0
LCA,https://api.fifa.com/api/v1/picture/flags-sq-4/lca,https://api.fifa.com/api/v1/picture/flags-sq-4/lca,https://api.fifa.com/api/v1/picture/flags-sq-4/lca,St. Lucia,4e161c92-8a70-4d1c-8266-a85014e839ff,299297c1-0ff6-400f-a711-e0f9505e6d01
LES,https://api.fifa.com/api/v1/picture/flags-sq-4/les,https://api.fifa.com/api/v1/picture/flags-sq-4/les,https://api.fifa.com/api/v1/picture/flags-sq-4/les,Lesotho,e36f3555-9b11-43b4-bc72-f05379c47e2c,180c304e-079d-4845-95e1-c2a3976914c0
LIE,https://api.fifa.com/api/v1/picture/flags-sq-4/lie,https://api.fifa.com/api/v1/picture/flags-sq-4/lie,https://api.fifa.com/api/v1/picture/flags-sq-4/lie,Liechtenstein,4d02065a-d8ff-4c88-8e2a-31f9f16d0245,f5108bc2-6414-428d-afa8-7f6d4c02d153
LTU,https://api.fifa.com/api/v1/picture/flags-sq-4/ltu,https://api.fifa.com/api/v1/picture/flags-sq-4/ltu,https://api.fifa.com/api/v1/picture/flags-sq-4/ltu,Lithuania,6e58d721-273f-4344-adb6-b1a028b6334b,f5108bc2-6414-428d-afa8-7f6d4c02d153
LUX,https://api.fifa.com/api/v1/picture/flags-sq-4/lux,https://api.fifa.com/api/v1/picture/flags-sq-4/lux,https://api.fifa.com/api/v1/picture/flags-sq-4/lux,Luxembourg,253a0f56-fd69-461e-baf4-0ad5e22653ef,f5108bc2-6414-428d-afa8-7f6d4c02d153
LVA,https://api.fifa.com/api/v1/picture/flags-sq-4/lva,https://api.fifa.com/api/v1/picture/flags-sq-4/lva,https://api.fifa.com/api/v1/picture/flags-sq-4/lva,Latvia,0717a693-5694-4b51-b418-c1455cab433f,f5108bc2-6414-428d-afa8-7f6d4c02d153
MAC,https://api.fifa.com/api/v1/picture/flags-sq-4/mac,https://api.fifa.com/api/v1/picture/flags-sq-4/mac,https://api.fifa.com/api/v1/picture/flags-sq-4/mac,Macau,f1ff1163-38db-499f-bed3-e20473502897,9aee3b2a-dac3-4398-a8f6-6a6cd2b88c74
MAD,https://api.fifa.com/api/v1/picture/flags-sq-4/mad,https://api.fifa.com/api/v1/picture/flags-sq-4/mad,https://api.fifa.com/api/v1/picture/flags-sq-4/mad,Madagascar,7e538732-0748-48de-aeaa-7a5d7e40dcbc,180c304e-079d-4845-95e1-c2a3976914c0
MAR,https://api.fifa.com/api/v1/picture/flags-sq-4/mar,https://api.fifa.com/api/v1/picture/flags-sq-4/mar,https://api.fifa.com/api/v1/picture/flags-sq-4/mar,Morocco,978c0ff5-ef1f-4e0f-943f-8377a7eca2f4,180c304e-079d-4845-95e1-c2a3976914c0
MAS,https://api.fifa.com/api/v1/picture/flags-sq-4/mas,https://api.fifa.com/api/v1/picture/flags-sq-4/mas,https://api.fifa.com/api/v1/picture/flags-sq-4/mas,Malaysia,1ec4c192-a729-481b-b8e1-1962169e0474,9aee3b2a-dac3-4398-a8f6-6a6cd2b88c74
MDA,https://api.fifa.com/api/v1/picture/flags-sq-4/mda,https://api.fifa.com/api/v1/picture/flags-sq-4/mda,https://api.fifa.com/api/v1/picture/flags-sq-4/mda,Moldova,8acc2d71-1879-4b78-bd95-7ee1d1e3c164,f5108bc2-6414-428d-afa8-7f6d4c02d153
MDV,https://api.fifa.com/api/v1/picture/flags-sq-4/mdv,https://api.fifa.com/api/v1/picture/flags-sq-4/mdv,https://api.fifa.com/api/v1/picture/flags-sq-4/mdv,Maldives,a05cf7a6-af2e-41b2-9b8a-dbf1f9899720,9aee3b2a-dac3-4398-a8f6-6a6cd2b88c74
MEX,https://api.fifa.com/api/v1/picture/flags-sq-4/mex,https://api.fifa.com/api/v1/picture/flags-sq-4/mex,https://api.fifa.com/api/v1/picture/flags-sq-4/mex,Mexico,89dd9b09-8123-418d-876e-9fff1835361b,299297c1-0ff6-400f-a711-e0f9505e6d01
MKD,https://api.fifa.com/api/v1/picture/flags-sq-4/mkd,https://api.fifa.com/api/v1/picture/flags-sq-4/mkd,https://api.fifa.com/api/v1/picture/flags-sq-4/mkd,North Macedonia,cd6a79bd-ec1e-458d-b0d5-a87d39155b2c,f5108bc2-6414-428d-afa8-7f6d4c02d153
MLI,https://api.fifa.com/api/v1/picture/flags-sq-4/mli,https://api.fifa.com/api/v1/picture/flags-sq-4/mli,https://api.fifa.com/api/v1/picture/flags-sq-4/mli,Mali,9a73553d-883b-4b0d-8fb5-fb16780e2bd7,180c304e-079d-4845-95e1-c2a3976914c0
MLT,https://api.fifa.com/api/v1/picture/flags-sq-4/mlt,https://api.fifa.com/api/v1/picture/flags-sq-4/mlt,https://api.fifa.com/api/v1/picture/flags-sq-4/mlt,Malta,1d05e4ea-d2bd-481c-89c9-6f328bcf3a55,f5108bc2-6414-428d-afa8-7f6d4c02d153
MNE,https://api.fifa.com/api/v1/picture/flags-sq-4/mne,https://api.fifa.com/api/v1/picture/flags-sq-4/mne,https://api.fifa.com/api/v1/picture/flags-sq-4/mne,Montenegro,24774c4a-2124-4312-91f6-e71dc41e1762,f5108bc2-6414-428d-afa8-7f6d4c02d153
MNG,https://api.fifa.com/api/v1/picture/flags-sq-4/mng,https://api.fifa.com/api/v1/picture/flags-sq-4/mng,https://api.fifa.com/api/v1/picture/flags-sq-4/mng,Mongolia,a9643f46-c754-400d-945e-d82611af07e0,9aee3b2a-dac3-4398-a8f6-6a6cd2b88c74
MOZ,https://api.fifa.com/api/v1/picture/flags-sq-4/moz,https://api.fifa.com/api/v1/picture/flags-sq-4/moz,https://api.fifa.com/api/v1/picture/flags-sq-4/moz,Mozambique,8c67b771-f304-480b-967d-31b55e02ad8e,180c304e-079d-4845-95e1-c2a3976914c0
MRI,https://api.fifa.com/api/v1/picture/flags-sq-4/mri,https://api.fifa.com/api/v1/picture/flags-sq-4/mri,https://api.fifa.com/api/v1/picture/flags-sq-4/mri,Mauritius,15ae90e6-aa8d-4349-9391-f5a5a213c751,180c304e-079d-4845-95e1-c2a3976914c0
MSR,https://api.fifa.com/api/v1/picture/flags-sq-4/msr,https://api.fifa.com/api/v1/picture/flags-sq-4/msr,https://api.fifa.com/api/v1/picture/flags-sq-4/msr,Montserrat,83cb3494-5a22-4cdc-b726-5906fc186e72,299297c1-0ff6-400f-a711-e0f9505e6d01
MTN,https://api.fifa.com/api/v1/picture/flags-sq-4/mtn,https://api.fifa.com/api/v1/picture/flags-sq-4/mtn,https://api.fifa.com/api/v1/picture/flags-sq-4/mtn,Mauritania,06058bf1-1c1e-462a-a471-8221b78b0bbf,180c304e-079d-4845-95e1-c2a3976914c0
MWI,https://api.fifa.com/api/v1/picture/flags-sq-4/mwi,https://api.fifa.com/api/v1/picture/flags-sq-4/mwi,https://api.fifa.com/api/v1/picture/flags-sq-4/mwi,Malawi,cfad4b58-a964-4db7-986a-c7824e0feabf,180c304e-079d-4845-95e1-c2a3976914c0
MYA,https://api.fifa.com/api/v1/picture/flags-sq-4/mya,https://api.fifa.com/api/v1/picture/flags-sq-4/mya,https://api.fifa.com/api/v1/picture/flags-sq-4/mya,Myanmar,2a065af4-7be2-4700-aae5-0ca979e53fef,9aee3b2a-dac3-4398-a8f6-6a6cd2b88c74
NAM,https://api.fifa.com/api/v1/picture/flags-sq-4/nam,https://api.fifa.com/api/v1/picture/flags-sq-4/nam,https://api.fifa.com/api/v1/picture/flags-sq-4/nam,Namibia,8fe0bbf5-42ab-433e-ae09-237b2575336f,180c304e-079d-4845-95e1-c2a3976914c0
NCA,https://api.fifa.com/api/v1/picture/flags-sq-4/nca,https://api.fifa.com/api/v1/picture/flags-sq-4/nca,https://api.fifa.com/api/v1/picture/flags-sq-4/nca,Nicaragua,c271862f-4a66-4713-9366-f2cbb12df010,299297c1-0ff6-400f-a711-e0f9505e6d01
NCL,https://api.fifa.com/api/v1/picture/flags-sq-4/ncl,https://api.fifa.com/api/v1/picture/flags-sq-4/ncl,https://api.fifa.com/api/v1/picture/flags-sq-4/ncl,New Caledonia,a25d26ce-1263-43f0-b5e0-752584187e83,7ac257e8-e9b0-40a0-9371-5dc58e38ffba
NED,https://api.fifa.com/api/v1/picture/flags-sq-4/ned,https://api.fifa.com/api/v1/picture/flags-sq-4/ned,https://api.fifa.com/api/v1/picture/flags-sq-4/ned,Netherlands,37d5aca1-12b9-404e-a183-1d92158d938b,f5108bc2-6414-428d-afa8-7f6d4c02d153
NEP,https://api.fifa.com/api/v1/picture/flags-sq-4/nep,https://api.fifa.com/api/v1/picture/flags-sq-4/nep,https://api.fifa.com/api/v1/picture/flags-sq-4/nep,Nepal,2c53a072-c651-40a8-b742-4be0acdebf00,9aee3b2a-dac3-4398-a8f6-6a6cd2b88c74
NGA,https://api.fifa.com/api/v1/picture/flags-sq-4/nga,https://api.fifa.com/api/v1/picture/flags-sq-4/nga,https://api.fifa.com/api/v1/picture/flags-sq-4/nga,Nigeria,0b249c45-b19c-484d-aad9-220fdd93ab41,180c304e-079d-4845-95e1-c2a3976914c0
NIG,https://api.fifa.com/api/v1/picture/flags-sq-4/nig,https://api.fifa.com/api/v1/picture/flags-sq-4/nig,https://api.fifa.com/api/v1/picture/flags-sq-4/nig,Niger,40d6bcfe-51a6-4410-b3c3-faf322d1cc13,180c304e-079d-4845-95e1-c2a3976914c0
NIR,https://api.fifa.com/api/v1/picture/flags-sq-4/nir,https://api.fifa.com/api/v1/picture/flags-sq-4/nir,https://api.fifa.com/api/v1/picture/flags-sq-4/nir,Northern Ireland,a4112b61-7231-4351-b0d8-1df6fd905f81,f5108bc2-6414-428d-afa8-7f6d4c02d153
NOR,https://api.fifa.com/api/v1/picture/flags-sq-4/nor,https://api.fifa.com/api/v1/picture/flags-sq-4/nor,https://api.fifa.com/api/v1/picture/flags-sq-4/nor,Norway,acb4517e-361e-4ecd-8bc8-9c0b08ee9ae9,f5108bc2-6414-428d-afa8-7f6d4c02d153
NZL,https://api.fifa.com/api/v1/picture/flags-sq-4/nzl,https://api.fifa.com/api/v1/picture/flags-sq-4/nzl,https://api.fifa.com/api/v1/picture/flags-sq-4/nzl,New Zealand,b123d07a-939c-4299-9ef9-995eb8a8f4bf,7ac257e8-e9b0-40a0-9371-5dc58e38ffba
OMA,https://api.fifa.com/api/v1/picture/flags-sq-4/oma,https://api.fifa.com/api/v1/picture/flags-sq-4/oma,https://api.fifa.com/api/v1/picture/flags-sq-4/oma,Oman,23246c4d-87a8-464d-9903-66573cbe118d,9aee3b2a-dac3-4398-a8f6-6a6cd2b88c74
PAK,https://api.fifa.com/api/v1/picture/flags-sq-4/pak,https://api.fifa.com/api/v1/picture/flags-sq-4/pak,https://api.fifa.com/api/v1/picture/flags-sq-4/pak,Pakistan,a5438559-efd5-4cc9-ac74-32b3fb965d62,9aee3b2a-dac3-4398-a8f6-6a6cd2b88c74
PAN,https://api.fifa.com/api/v1/picture/flags-sq-4/pan,https://api.fifa.com/api/v1/picture/flags-sq-4/pan,https://api.fifa.com/api/v1/picture/flags-sq-4/pan,Panama,0bf51ed2-6b33-4f97-a8bc-ae9018ed7bb4,299297c1-0ff6-400f-a711-e0f9505e6d01
PAR,https://api.fifa.com/api/v1/picture/flags-sq-4/par,https://api.fifa.com/api/v1/picture/flags-sq-4/par,https://api.fifa.com/api/v1/picture/flags-sq-4/par,Paraguay,cf90c03b-94f4-4a24-bec4-4d658c2bf852,1c0979d8-d333-4b0a-a069-ee7fd86bb1b6
PER,https://api.fifa.com/api/v1/picture/flags-sq-4/per,https://api.fifa.com/api/v1/picture/flags-sq-4/per,https://api.fifa.com/api/v1/picture/flags-sq-4/per,Peru,ff4c2ce5-33fa-4dd7-9d3f-457f1165a9d9,1c0979d8-d333-4b0a-a069-ee7fd86bb1b6
PHI,https://api.fifa.com/api/v1/picture/flags-sq-4/phi,https://api.fifa.com/api/v1/picture/flags-sq-4/phi,https://api.fifa.com/api/v1/picture/flags-sq-4/phi,Philippines,c3bdff4c-40bd-4647-8732-2bb8b69ca15d,9aee3b2a-dac3-4398-a8f6-6a6cd2b88c74
PLE,https://api.fifa.com/api/v1/picture/flags-sq-4/ple,https://api.fifa.com/api/v1/picture/flags-sq-4/ple,https://api.fifa.com/api/v1/picture/flags-sq-4/ple,Palestine,d0aac8b3-a24a-46cc-b0f1-43a429840282,9aee3b2a-dac3-4398-a8f6-6a6cd2b88c74
PNG,https://api.fifa.com/api/v1/picture/flags-sq-4/png,https://api.fifa.com/api/v1/picture/flags-sq-4/png,https://api.fifa.com/api/v1/picture/flags-sq-4/png,Papua New Guinea,301ab0d0-1717-4938-b266-7f55d7e24c4b,7ac257e8-e9b0-40a0-9371-5dc58e38ffba
POL,https://api.fifa.com/api/v1/picture/flags-sq-4/pol,https://api.fifa.com/api/v1/picture/flags-sq-4/pol,https://api.fifa.com/api/v1/picture/flags-sq-4/pol,Poland,8a3e6602-2e58-49bf-b8f0-169e2e3a96fe,f5108bc2-6414-428d-afa8-7f6d4c02d153
POR,https://api.fifa.com/api/v1/picture/flags-sq-4/por,https://api.fifa.com/api/v1/picture/flags-sq-4/por,https://api.fifa.com/api/v1/picture/flags-sq-4/por,Portugal,24b52b49-8459-4377-8755-538a068d11d5,f5108bc2-6414-428d-afa8-7f6d4c02d153
PRK,https://api.fifa.com/api/v1/picture/flags-sq-4/prk,https://api.fifa.com/api/v1/picture/flags-sq-4/prk,https://api.fifa.com/api/v1/picture/flags-sq-4/prk,Korea DPR,2061b55f-7189-4bef-bf93-37950a2bdef3,9aee3b2a-dac3-4398-a8f6-6a6cd2b88c74
PUR,https://api.fifa.com/api/v1/picture/flags-sq-4/pur,https://api.fifa.com/api/v1/picture/flags-sq-4/pur,https://api.fifa.com/api/v1/picture/flags-sq-4/pur,Puerto Rico,0131969a-d296-44eb-8666-1e4a2a122788,299297c1-0ff6-400f-a711-e0f9505e6d01
QAT,https://api.fifa.com/api/v1/picture/flags-sq-4/qat,https://api.fifa.com/api/v1/picture/flags-sq-4/qat,https://api.fifa.com/api/v1/picture/flags-sq-4/qat,Qatar,c54107bb-f250-4199-bd08-6a0959baaccf,9aee3b2a-dac3-4398-a8f6-6a6cd2b88c74
ROU,https://api.fifa.com/api/v1/picture/flags-sq-4/rou,https://api.fifa.com/api/v1/picture/flags-sq-4/rou,https://api.fifa.com/api/v1/picture/flags-sq-4/rou,Romania,27cebcf6-c001-4b36-b716-8e3d1d4bde47,f5108bc2-6414-428d-afa8-7f6d4c02d153
RSA,https://api.fifa.com/api/v1/picture/flags-sq-4/rsa,https://api.fifa.com/api/v1/picture/flags-sq-4/rsa,https://api.fifa.com/api/v1/picture/flags-sq-4/rsa,South Africa,81db5c3e-f95f-4548-9192-d7ba92ad6d71,180c304e-079d-4845-95e1-c2a3976914c0
RUS,https://api.fifa.com/api/v1/picture/flags-sq-4/rus,https://api.fifa.com/api/v1/picture/flags-sq-4/rus,https://api.fifa.com/api/v1/picture/flags-sq-4/rus,Russia,07514245-0025-49e8-9cc1-cad96e1f6f87,f5108bc2-6414-428d-afa8-7f6d4c02d153
RWA,https://api.fifa.com/api/v1/picture/flags-sq-4/rwa,https://api.fifa.com/api/v1/picture/flags-sq-4/rwa,https://api.fifa.com/api/v1/picture/flags-sq-4/rwa,Rwanda,ed30f055-e829-4851-b292-0dd9b863b5e9,180c304e-079d-4845-95e1-c2a3976914c0
SAM,https://api.fifa.com/api/v1/picture/flags-sq-4/sam,https://api.fifa.com/api/v1/picture/flags-sq-4/sam,https://api.fifa.com/api/v1/picture/flags-sq-4/sam,Samoa,a49dfb0b-b0da-4018-9cf9-ca30b1e03207,7ac257e8-e9b0-40a0-9371-5dc58e38ffba
SCO,https://api.fifa.com/api/v1/picture/flags-sq-4/sco,https://api.fifa.com/api/v1/picture/flags-sq-4/sco,https://api.fifa.com/api/v1/picture/flags-sq-4/sco,Scotland,36466750-ec1d-4f9e-98a9-a96d1b35e1f0,f5108bc2-6414-428d-afa8-7f6d4c02d153
SDN,https://api.fifa.com/api/v1/picture/flags-sq-4/sdn,https://api.fifa.com/api/v1/picture/flags-sq-4/sdn,https://api.fifa.com/api/v1/picture/flags-sq-4/sdn,Sudan,8e3d8db7-be86-410a-9992-4201841af21b,180c304e-079d-4845-95e1-c2a3976914c0
SEN,https://api.fifa.com/api/v1/picture/flags-sq-4/sen,https://api.fifa.com/api/v1/picture/flags-sq-4/sen,https://api.fifa.com/api/v1/picture/flags-sq-4/sen,Senegal,264fa06c-ca3f-4878-8fee-4e596fc0a172,180c304e-079d-4845-95e1-c2a3976914c0
SEY,https://api.fifa.com/api/v1/picture/flags-sq-4/sey,https://api.fifa.com/api/v1/picture/flags-sq-4/sey,https://api.fifa.com/api/v1/picture/flags-sq-4/sey,Seychelles,b27a28d6-e30e-41f9-ab71-dc076672be50,180c304e-079d-4845-95e1-c2a3976914c0
SIN,https://api.fifa.com/api/v1/picture/flags-sq-4/sin,https://api.fifa.com/api/v1/picture/flags-sq-4/sin,https://api.fifa.com/api/v1/picture/flags-sq-4/sin,Singapore,a63eae42-0895-4241-981f-10c23cefd192,9aee3b2a-dac3-4398-a8f6-6a6cd2b88c74
SKN,https://api.fifa.com/api/v1/picture/flags-sq-4/skn,https://api.fifa.com/api/v1/picture/flags-sq-4/skn,https://api.fifa.com/api/v1/picture/flags-sq-4/skn,St. Kitts and Nevis,e8f1b3d2-506d-43c6-be21-cab1cc600450,299297c1-0ff6-400f-a711-e0f9505e6d01
SLE,https://api.fifa.com/api/v1/picture/flags-sq-4/sle,https://api.fifa.com/api/v1/picture/flags-sq-4/sle,https://api.fifa.com/api/v1/picture/flags-sq-4/sle,Sierra Leone,f31a52f9-9c76-4104-a63a-24aade246b9c,180c304e-079d-4845-95e1-c2a3976914c0
SLV,https://api.fifa.com/api/v1/picture/flags-sq-4/slv,https://api.fifa.com/api/v1/picture/flags-sq-4/slv,https://api.fifa.com/api/v1/picture/flags-sq-4/slv,El Salvador,a68adcbe-ee06-4e2f-9d5c-76f8f87447a6,299297c1-0ff6-400f-a711-e0f9505e6d01
SMR,https://api.fifa.com/api/v1/picture/flags-sq-4/smr,https://api.fifa.com/api/v1/picture/flags-sq-4/smr,https://api.fifa.com/api/v1/picture/flags-sq-4/smr,San Marino,811e2b84-058c-4047-aa39-0bda035fe1ed,f5108bc2-6414-428d-afa8-7f6d4c02d153
SOL,https://api.fifa.com/api/v1/picture/flags-sq-4/sol,https://api.fifa.com/api/v1/picture/flags-sq-4/sol,https://api.fifa.com/api/v1/picture/flags-sq-4/sol,Solomon Islands,d38b5315-5ab2-48e4-9f24-489b61779860,7ac257e8-e9b0-40a0-9371-5dc58e38ffba
SOM,https://api.fifa.com/api/v1/picture/flags-sq-4/som,https://api.fifa.com/api/v1/picture/flags-sq-4/som,https://api.fifa.com/api/v1/picture/flags-sq-4/som,Somalia,53f9261f-afa7-4876-a945-ab7b5e9444d8,180c304e-079d-4845-95e1-c2a3976914c0
SRB,https://api.fifa.com/api/v1/picture/flags-sq-4/srb,https://api.fifa.com/api/v1/picture/flags-sq-4/srb,https://api.fifa.com/api/v1/picture/flags-sq-4/srb,Serbia,b420ee6e-818e-4da6-bb2e-038543758389,f5108bc2-6414-428d-afa8-7f6d4c02d153
SRI,https://api.fifa.com/api/v1/picture/flags-sq-4/sri,https://api.fifa.com/api/v1/picture/flags-sq-4/sri,https://api.fifa.com/api/v1/picture/flags-sq-4/sri,Sri Lanka,6190916e-f9d7-46e3-91cf-75488e00b215,9aee3b2a-dac3-4398-a8f6-6a6cd2b88c74
SSD,https://api.fifa.com/api/v1/picture/flags-sq-4/ssd,https://api.fifa.com/api/v1/picture/flags-sq-4/ssd,https://api.fifa.com/api/v1/picture/flags-sq-4/ssd,South Sudan,c1e3f9f4-7377-41e1-bd67-935690cbb734,180c304e-079d-4845-95e1-c2a3976914c0
STP,https://api.fifa.com/api/v1/picture/flags-sq-4/stp,https://api.fifa.com/api/v1/picture/flags-sq-4/stp,https://api.fifa.com/api/v1/picture/flags-sq-4/stp,São Tomé and Príncipe,6f2b12f6-05dc-4266-bc67-da8c91353e23,180c304e-079d-4845-95e1-c2a3976914c0
SUI,https://api.fifa.com/api/v1/picture/flags-sq-4/sui,https://api.fifa.com/api/v1/picture/flags-sq-4/sui,https://api.fifa.com/api/v1/picture/flags-sq-4/sui,Switzerland,adbf7375-2f0c-44ea-8aa7-2c170b908fe1,f5108bc2-6414-428d-afa8-7f6d4c02d153
SUR,https://api.fifa.com/api/v1/picture/flags-sq-4/sur,https://api.fifa.com/api/v1/picture/flags-sq-4/sur,https://api.fifa.com/api/v1/picture/flags-sq-4/sur,Suriname,08118dce-ca10-4797-83fb-75219cf7adf5,1c0979d8-d333-4b0a-a069-ee7fd86bb1b6
SVK,https://api.fifa.com/api/v1/picture/flags-sq-4/svk,https://api.fifa.com/api/v1/picture/flags-sq-4/svk,https://api.fifa.com/api/v1/picture/flags-sq-4/svk,Slovakia,1d9fa28f-7bde-401e-be65-af4308f58c97,f5108bc2-6414-428d-afa8-7f6d4c02d153
SVN,https://api.fifa.com/api/v1/picture/flags-sq-4/svn,https://api.fifa.com/api/v1/picture/flags-sq-4/svn,https://api.fifa.com/api/v1/picture/flags-sq-4/svn,Slovenia,4e79560c-ee1f-4413-b26d-c86d401121f3,f5108bc2-6414-428d-afa8-7f6d4c02d153
SWE,https://api.fifa.com/api/v1/picture/flags-sq-4/swe,https://api.fifa.com/api/v1/picture/flags-sq-4/swe,https://api.fifa.com/api/v1/picture/flags-sq-4/swe,Sweden,06f6991a-124a-480a-a43e-f6021286ec68,f5108bc2-6414-428d-afa8-7f6d4c02d153
SWZ,https://api.fifa.com/api/v1/picture/flags-sq-4/swz,https://api.fifa.com/api/v1/picture/flags-sq-4/swz,https://api.fifa.com/api/v1/picture/flags-sq-4/swz,Eswatini,33bdf717-c3f4-44d6-a036-19076911b2f9,180c304e-079d-4845-95e1-c2a3976914c0
SYR,https://api.fifa.com/api/v1/picture/flags-sq-4/syr,https://api.fifa.com/api/v1/picture/flags-sq-4/syr,https://api.fifa.com/api/v1/picture/flags-sq-4/syr,Syria,37863af2-ef7e-4898-9f46-dada11ba99f4,9aee3b2a-dac3-4398-a8f6-6a6cd2b88c74
TAH,https://api.fifa.com/api/v1/picture/flags-sq-4/tah,https://api.fifa.com/api/v1/picture/flags-sq-4/tah,https://api.fifa.com/api/v1/picture/flags-sq-4/tah,Tahiti,fd82f2cb-e3b2-4250-a6fd-508bc545a7ab,7ac257e8-e9b0-40a0-9371-5dc58e38ffba
TAN,https://api.fifa.com/api/v1/picture/flags-sq-4/tan,https://api.fifa.com/api/v1/picture/flags-sq-4/tan,https://api.fifa.com/api/v1/picture/flags-sq-4/tan,Tanzania,b1457943-260e-4551-a0dd-2620674412f0,180c304e-079d-4845-95e1-c2a3976914c0
TCA,https://api.fifa.com/api/v1/picture/flags-sq-4/tca,https://api.fifa.com/api/v1/picture/flags-sq-4/tca,https://api.fifa.com/api/v1/picture/flags-sq-4/tca,Turks and Caicos Islands,6311b92e-1753-47ee-8997-740ecae5760d,299297c1-0ff6-400f-a711-e0f9505e6d01
TGA,https://api.fifa.com/api/v1/picture/flags-sq-4/tga,https://api.fifa.com/api/v1/picture/flags-sq-4/tga,https://api.fifa.com/api/v1/picture/flags-sq-4/tga,Tonga,a61a51b6-4f21-4ac1-8690-e530f9eb6524,7ac257e8-e9b0-40a0-9371-5dc58e38ffba
THA,https://api.fifa.com/api/v1/picture/flags-sq-4/tha,https://api.fifa.com/api/v1/picture/flags-sq-4/tha,https://api.fifa.com/api/v1/picture/flags-sq-4/tha,Thailand,221da1cd-b869-41c0-8ecd-a4f1ecb3fcaf,9aee3b2a-dac3-4398-a8f6-6a6cd2b88c74
TJK,https://api.fifa.com/api/v1/picture/flags-sq-4/tjk,https://api.fifa.com/api/v1/picture/flags-sq-4/tjk,https://api.fifa.com/api/v1/picture/flags-sq-4/tjk,Tajikistan,d926c45b-1856-47c9-83ce-0e55d88d5299,9aee3b2a-dac3-4398-a8f6-6a6cd2b88c74
TKM,https://api.fifa.com/api/v1/picture/flags-sq-4/tkm,https://api.fifa.com/api/v1/picture/flags-sq-4/tkm,https://api.fifa.com/api/v1/picture/flags-sq-4/tkm,Turkmenistan,ed0b58e0-a788-4da7-8e6b-cab498dc5d0e,9aee3b2a-dac3-4398-a8f6-6a6cd2b88c74
TLS,https://api.fifa.com/api/v1/picture/flags-sq-4/tls,https://api.fifa.com/api/v1/picture/flags-sq-4/tls,https://api.fifa.com/api/v1/picture/flags-sq-4/tls,Timor-Leste,2d5a4e49-6ff9-4ccf-bd71-25ed35d638b4,9aee3b2a-dac3-4398-a8f6-6a6cd2b88c74
TOG,https://api.fifa.com/api/v1/picture/flags-sq-4/tog,https://api.fifa.com/api/v1/picture/flags-sq-4/tog,https://api.fifa.com/api/v1/picture/flags-sq-4/tog,Togo,c130ef9c-c6fd-4f54-896a-844033bd84fe,180c304e-079d-4845-95e1-c2a3976914c0
TPE,https://api.fifa.com/api/v1/picture/flags-sq-4/tpe,https://api.fifa.com/api/v1/picture/flags-sq-4/tpe,https://api.fifa.com/api/v1/picture/flags-sq-4/tpe,Chinese Taipei,2d78194f-176c-4326-aba9-298ac58f8358,9aee3b2a-dac3-4398-a8f6-6a6cd2b88c74
TRI,https://api.fifa.com/api/v1/picture/flags-sq-4/tri,https://api.fifa.com/api/v1/picture/flags-sq-4/tri,https://api.fifa.com/api/v1/picture/flags-sq-4/tri,Trinidad and Tobago,47f452af-746c-49ad-8ea8-33c288cc69f3,299297c1-0ff6-400f-a711-e0f9505e6d01
TUN,https://api.fifa.com/api/v1/picture/flags-sq-4/tun,https://api.fifa.com/api/v1/picture/flags-sq-4/tun,https://api.fifa.com/api/v1/picture/flags-sq-4/tun,Tunisia,42040172-0b78-4029-82fb-df3aec2e8648,180c304e-079d-4845-95e1-c2a3976914c0
TUR,https://api.fifa.com/api/v1/picture/flags-sq-4/tur,https://api.fifa.com/api/v1/picture/flags-sq-4/tur,https://api.fifa.com/api/v1/picture/flags-sq-4/tur,Turkey,3c547322-7a60-47f1-9103-c6e7128f5d43,f5108bc2-6414-428d-afa8-7f6d4c02d153
UAE,https://api.fifa.com/api/v1/picture/flags-sq-4/uae,https://api.fifa.com/api/v1/picture/flags-sq-4/uae,https://api.fifa.com/api/v1/picture/flags-sq-4/uae,United Arab Emirates,53d0619f-54a0-42c2-b069-6f9912967979,9aee3b2a-dac3-4398-a8f6-6a6cd2b88c74
UGA,https://api.fifa.com/api/v1/picture/flags-sq-4/uga,https://api.fifa.com/api/v1/picture/flags-sq-4/uga,https://api.fifa.com/api/v1/picture/flags-sq-4/uga,Uganda,d44220ea-1fc0-4e44-b984-02db51fc3e0e,180c304e-079d-4845-95e1-c2a3976914c0
UKR,https://api.fifa.com/api/v1/picture/flags-sq-4/ukr,https://api.fifa.com/api/v1/picture/flags-sq-4/ukr,https://api.fifa.com/api/v1/picture/flags-sq-4/ukr,Ukraine,abee0a2d-4860-4ae9-af15-8f6787071835,f5108bc2-6414-428d-afa8-7f6d4c02d153
URU,https://api.fifa.com/api/v1/picture/flags-sq-4/uru,https://api.fifa.com/api/v1/picture/flags-sq-4/uru,https://api.fifa.com/api/v1/picture/flags-sq-4/uru,Uruguay,2c1ab869-21a0-4d61-9ba6-ae7606247928,1c0979d8-d333-4b0a-a069-ee7fd86bb1b6
USA,https://api.fifa.com/api/v1/picture/flags-sq-4/usa,https://api.fifa.com/api/v1/picture/flags-sq-4/usa,https://api.fifa.com/api/v1/picture/flags-sq-4/usa,USA,5afb733a-c653-4972-b397-093875c8c70f,299297c1-0ff6-400f-a711-e0f9505e6d01
UZB,https://api.fifa.com/api/v1/picture/flags-sq-4/uzb,https://api.fifa.com/api/v1/picture/flags-sq-4/uzb,https://api.fifa.com/api/v1/picture/flags-sq-4/uzb,Uzbekistan,47c98014-2395-400c-864a-7cd752983c87,9aee3b2a-dac3-4398-a8f6-6a6cd2b88c74
VAN,https://api.fifa.com/api/v1/picture/flags-sq-4/van,https://api.fifa.com/api/v1/picture/flags-sq-4/van,https://api.fifa.com/api/v1/picture/flags-sq-4/van,Vanuatu,b7222f9d-2188-4b81-abd8-c9e76819c43f,7ac257e8-e9b0-40a0-9371-5dc58e38ffba
VEN,https://api.fifa.com/api/v1/picture/flags-sq-4/ven,https://api.fifa.com/api/v1/picture/flags-sq-4/ven,https://api.fifa.com/api/v1/picture/flags-sq-4/ven,Venezuela,80905a95-e8ea-49de-9679-a544ec973480,1c0979d8-d333-4b0a-a069-ee7fd86bb1b6
VGB,https://api.fifa.com/api/v1/picture/flags-sq-4/vgb,https://api.fifa.com/api/v1/picture/flags-sq-4/vgb,https://api.fifa.com/api/v1/picture/flags-sq-4/vgb,British Virgin Islands,a8df076f-980a-4fdf-9c3b-00b18d89c180,299297c1-0ff6-400f-a711-e0f9505e6d01
VIE,https://api.fifa.com/api/v1/picture/flags-sq-4/vie,https://api.fifa.com/api/v1/picture/flags-sq-4/vie,https://api.fifa.com/api/v1/picture/flags-sq-4/vie,Vietnam,cc35ecd5-c607-4019-871e-f4a1dca33b0b,9aee3b2a-dac3-4398-a8f6-6a6cd2b88c74
VIN,https://api.fifa.com/api/v1/picture/flags-sq-4/vin,https://api.fifa.com/api/v1/picture/flags-sq-4/vin,https://api.fifa.com/api/v1/picture/flags-sq-4/vin,St. Vincent and the Grenadines,9c705941-9ac4-4c86-ac02-bf57acf037df,299297c1-0ff6-400f-a711-e0f9505e6d01
VIR,https://api.fifa.com/api/v1/picture/flags-sq-4/vir,https://api.fifa.com/api/v1/picture/flags-sq-4/vir,https://api.fifa.com/api/v1/picture/flags-sq-4/vir,US Virgin Islands,11945900-4ab4-4380-b0e2-2edbb95409e9,299297c1-0ff6-400f-a711-e0f9505e6d01
WAL,https://api.fifa.com/api/v1/picture/flags-sq-4/wal,https://api.fifa.com/api/v1/picture/flags-sq-4/wal,https://api.fifa.com/api/v1/picture/flags-sq-4/wal,Wales,51353104-26fa-4998-a58a-2e0773a1b791,f5108bc2-6414-428d-afa8-7f6d4c02d153
YEM,https://api.fifa.com/api/v1/picture/flags-sq-4/yem,https://api.fifa.com/api/v1/picture/flags-sq-4/yem,https://api.fifa.com/api/v1/picture/flags-sq-4/yem,Yemen,50aedfd7-930d-4969-97c0-5c0b8893a1be,9aee3b2a-dac3-4398-a8f6-6a6cd2b88c74
ZAM,https://api.fifa.com/api/v1/picture/flags-sq-4/zam,https://api.fifa.com/api/v1/picture/flags-sq-4/zam,https://api.fifa.com/api/v1/picture/flags-sq-4/zam,Zambia,43152691-29c5-4f0b-8e46-b99a4d42ffc3,180c304e-079d-4845-95e1-c2a3976914c0
ZIM,https://api.fifa.com/api/v1/picture/flags-sq-4/zim,https://api.fifa.com/api/v1/picture/flags-sq-4/zim,https://api.fifa.com/api/v1/picture/flags-sq-4/zim,Zimbabwe,ee3bd736-b7ed-4bf0-9dca-3912b205d9f0,180c304e-079d-4845-95e1-c2a3976914c0
